15,34,27U27nZ4xNoBa6rhJXEGsjJyghs=,RJAZIR+HoSDPjsrGV8bx53LfbSg=
15,33,27U27nZ4xNoBa6rhJXEGsjJyghs=,RJAZIR+HoSDPjsrGV8bx53LfbSg=
14,34,27U27nZ4xNoBa6rhJXEGsjJyghs=,ZntVoJ4oDfJKjgl6Jqxwu1LKlVI=
14,33,27U27nZ4xNoBa6rhJXEGsjJyghs=,9aDxRHLiD7DKOQvE3BKizZ6xVaU=
16,34,X6DyiKz9Afdp58w+TlwUhVSpF3A=,6/XKuybmRL6cgPoC/Q5pOXlKmc4=
11,35,X6DyiKz9Afdp58w+TlwUhVSpF3A=,6BBvSUY3qDl5pwDy1XzOa291Qok=
11,34,X6DyiKz9Afdp58w+TlwUhVSpF3A=,6wV9T1qF7MLQnQ6Uvq6lijxev5g=
11,33,X6DyiKz9Afdp58w+TlwUhVSpF3A=,6wV9T1qF7MLQnQ6Uvq6lijxev5g=
11,32,X6DyiKz9Afdp58w+TlwUhVSpF3A=,6wV9T1qF7MLQnQ6Uvq6lijxev5g=
10,34,X6DyiKz9Afdp58w+TlwUhVSpF3A=,lYt7rqzFfUUEDQHCOcHyzrEBE3A=
10,35,X6DyiKz9Afdp58w+TlwUhVSpF3A=,6wV9T1qF7MLQnQ6Uvq6lijxev5g=
10,32,X6DyiKz9Afdp58w+TlwUhVSpF3A=,ImL0cBtxJ77cze7H0oJJ2pvoFPA=
13,33,X6DyiKz9Afdp58w+TlwUhVSpF3A=,6wV9T1qF7MLQnQ6Uvq6lijxev5g=
13,34,X6DyiKz9Afdp58w+TlwUhVSpF3A=,lYt7rqzFfUUEDQHCOcHyzrEBE3A=
12,32,X6DyiKz9Afdp58w+TlwUhVSpF3A=,ImL0cBtxJ77cze7H0oJJ2pvoFPA=
12,33,X6DyiKz9Afdp58w+TlwUhVSpF3A=,6wV9T1qF7MLQnQ6Uvq6lijxev5g=
12,34,X6DyiKz9Afdp58w+TlwUhVSpF3A=,6wV9T1qF7MLQnQ6Uvq6lijxev5g=
