129,274,qk1HHPqupweg8Bgf8zPtu8ECjlY=,UOWTDXOmgP/zmyo4rtneR6iCn/Q=
130,273,qk1HHPqupweg8Bgf8zPtu8ECjlY=,UOWTDXOmgP/zmyo4rtneR6iCn/Q=
130,274,qk1HHPqupweg8Bgf8zPtu8ECjlY=,UOWTDXOmgP/zmyo4rtneR6iCn/Q=
131,274,qk1HHPqupweg8Bgf8zPtu8ECjlY=,UOWTDXOmgP/zmyo4rtneR6iCn/Q=
129,273,qk1HHPqupweg8Bgf8zPtu8ECjlY=,UOWTDXOmgP/zmyo4rtneR6iCn/Q=
131,273,qk1HHPqupweg8Bgf8zPtu8ECjlY=,UOWTDXOmgP/zmyo4rtneR6iCn/Q=
130,272,qk1HHPqupweg8Bgf8zPtu8ECjlY=,UOWTDXOmgP/zmyo4rtneR6iCn/Q=
129,272,qk1HHPqupweg8Bgf8zPtu8ECjlY=,UOWTDXOmgP/zmyo4rtneR6iCn/Q=
131,272,qk1HHPqupweg8Bgf8zPtu8ECjlY=,UOWTDXOmgP/zmyo4rtneR6iCn/Q=
128,274,qk1HHPqupweg8Bgf8zPtu8ECjlY=,UOWTDXOmgP/zmyo4rtneR6iCn/Q=
128,272,qk1HHPqupweg8Bgf8zPtu8ECjlY=,UOWTDXOmgP/zmyo4rtneR6iCn/Q=
128,273,qk1HHPqupweg8Bgf8zPtu8ECjlY=,UOWTDXOmgP/zmyo4rtneR6iCn/Q=
130,277,qk1HHPqupweg8Bgf8zPtu8ECjlY=,RJEsEvVSbMYXPAZ/sVaYja8AztM=
131,275,qk1HHPqupweg8Bgf8zPtu8ECjlY=,UOWTDXOmgP/zmyo4rtneR6iCn/Q=
131,279,qk1HHPqupweg8Bgf8zPtu8ECjlY=,RJEsEvVSbMYXPAZ/sVaYja8AztM=
131,278,qk1HHPqupweg8Bgf8zPtu8ECjlY=,RJEsEvVSbMYXPAZ/sVaYja8AztM=
130,279,qk1HHPqupweg8Bgf8zPtu8ECjlY=,RJEsEvVSbMYXPAZ/sVaYja8AztM=
129,279,qk1HHPqupweg8Bgf8zPtu8ECjlY=,RJEsEvVSbMYXPAZ/sVaYja8AztM=
131,276,qk1HHPqupweg8Bgf8zPtu8ECjlY=,RJEsEvVSbMYXPAZ/sVaYja8AztM=
130,275,qk1HHPqupweg8Bgf8zPtu8ECjlY=,UOWTDXOmgP/zmyo4rtneR6iCn/Q=
130,276,qk1HHPqupweg8Bgf8zPtu8ECjlY=,RJEsEvVSbMYXPAZ/sVaYja8AztM=
130,278,qk1HHPqupweg8Bgf8zPtu8ECjlY=,RJEsEvVSbMYXPAZ/sVaYja8AztM=
128,279,qk1HHPqupweg8Bgf8zPtu8ECjlY=,RJEsEvVSbMYXPAZ/sVaYja8AztM=
129,275,qk1HHPqupweg8Bgf8zPtu8ECjlY=,UOWTDXOmgP/zmyo4rtneR6iCn/Q=
129,276,qk1HHPqupweg8Bgf8zPtu8ECjlY=,RJEsEvVSbMYXPAZ/sVaYja8AztM=
128,275,qk1HHPqupweg8Bgf8zPtu8ECjlY=,UOWTDXOmgP/zmyo4rtneR6iCn/Q=
131,277,qk1HHPqupweg8Bgf8zPtu8ECjlY=,RJEsEvVSbMYXPAZ/sVaYja8AztM=
129,277,qk1HHPqupweg8Bgf8zPtu8ECjlY=,RJEsEvVSbMYXPAZ/sVaYja8AztM=
129,278,qk1HHPqupweg8Bgf8zPtu8ECjlY=,RJEsEvVSbMYXPAZ/sVaYja8AztM=
128,278,qk1HHPqupweg8Bgf8zPtu8ECjlY=,RJEsEvVSbMYXPAZ/sVaYja8AztM=
128,276,qk1HHPqupweg8Bgf8zPtu8ECjlY=,RJEsEvVSbMYXPAZ/sVaYja8AztM=
128,277,qk1HHPqupweg8Bgf8zPtu8ECjlY=,RJEsEvVSbMYXPAZ/sVaYja8AztM=
