-7,-46,a9tfz6TyjpkfSaCUst6MkciV8DE=,j4Q18NNpfCcrGRrELSHw7sjvoYI=
-6,-46,a9tfz6TyjpkfSaCUst6MkciV8DE=,j4Q18NNpfCcrGRrELSHw7sjvoYI=
-5,-46,a9tfz6TyjpkfSaCUst6MkciV8DE=,j4Q18NNpfCcrGRrELSHw7sjvoYI=
-4,-46,a9tfz6TyjpkfSaCUst6MkciV8DE=,j4Q18NNpfCcrGRrELSHw7sjvoYI=
-3,-46,a9tfz6TyjpkfSaCUst6MkciV8DE=,j4Q18NNpfCcrGRrELSHw7sjvoYI=
-2,-46,a9tfz6TyjpkfSaCUst6MkciV8DE=,j4Q18NNpfCcrGRrELSHw7sjvoYI=
-7,-47,a9tfz6TyjpkfSaCUst6MkciV8DE=,j4Q18NNpfCcrGRrELSHw7sjvoYI=
-6,-45,a9tfz6TyjpkfSaCUst6MkciV8DE=,j4Q18NNpfCcrGRrELSHw7sjvoYI=
-5,-45,a9tfz6TyjpkfSaCUst6MkciV8DE=,j4Q18NNpfCcrGRrELSHw7sjvoYI=
-4,-45,a9tfz6TyjpkfSaCUst6MkciV8DE=,j4Q18NNpfCcrGRrELSHw7sjvoYI=
-3,-45,a9tfz6TyjpkfSaCUst6MkciV8DE=,j4Q18NNpfCcrGRrELSHw7sjvoYI=
-2,-45,a9tfz6TyjpkfSaCUst6MkciV8DE=,j4Q18NNpfCcrGRrELSHw7sjvoYI=
-6,-44,a9tfz6TyjpkfSaCUst6MkciV8DE=,j4Q18NNpfCcrGRrELSHw7sjvoYI=
-5,-44,a9tfz6TyjpkfSaCUst6MkciV8DE=,j4Q18NNpfCcrGRrELSHw7sjvoYI=
-4,-44,a9tfz6TyjpkfSaCUst6MkciV8DE=,j4Q18NNpfCcrGRrELSHw7sjvoYI=
-6,-47,a9tfz6TyjpkfSaCUst6MkciV8DE=,j4Q18NNpfCcrGRrELSHw7sjvoYI=
-2,-47,a9tfz6TyjpkfSaCUst6MkciV8DE=,j4Q18NNpfCcrGRrELSHw7sjvoYI=
-3,-44,a9tfz6TyjpkfSaCUst6MkciV8DE=,j4Q18NNpfCcrGRrELSHw7sjvoYI=
-3,-47,a9tfz6TyjpkfSaCUst6MkciV8DE=,j4Q18NNpfCcrGRrELSHw7sjvoYI=
-2,-44,a9tfz6TyjpkfSaCUst6MkciV8DE=,j4Q18NNpfCcrGRrELSHw7sjvoYI=
-5,-47,a9tfz6TyjpkfSaCUst6MkciV8DE=,j4Q18NNpfCcrGRrELSHw7sjvoYI=
-6,-43,a9tfz6TyjpkfSaCUst6MkciV8DE=,j4Q18NNpfCcrGRrELSHw7sjvoYI=
-4,-47,uGJNL0m4cBAZc+0VzwuDNU4xvGY=,j4Q18NNpfCcrGRrELSHw7sjvoYI=
-12,-46,uGJNL0m4cBAZc+0VzwuDNU4xvGY=,+tVN/t8qcZWFRQ6mSEZ9GAbjOCA=
-11,-46,uGJNL0m4cBAZc+0VzwuDNU4xvGY=,+tVN/t8qcZWFRQ6mSEZ9GAbjOCA=
-8,-47,uGJNL0m4cBAZc+0VzwuDNU4xvGY=,j4Q18NNpfCcrGRrELSHw7sjvoYI=
-15,-45,uGJNL0m4cBAZc+0VzwuDNU4xvGY=,+tVN/t8qcZWFRQ6mSEZ9GAbjOCA=
-14,-45,uGJNL0m4cBAZc+0VzwuDNU4xvGY=,+tVN/t8qcZWFRQ6mSEZ9GAbjOCA=
-13,-45,uGJNL0m4cBAZc+0VzwuDNU4xvGY=,+tVN/t8qcZWFRQ6mSEZ9GAbjOCA=
-12,-45,uGJNL0m4cBAZc+0VzwuDNU4xvGY=,+tVN/t8qcZWFRQ6mSEZ9GAbjOCA=
-11,-45,uGJNL0m4cBAZc+0VzwuDNU4xvGY=,+tVN/t8qcZWFRQ6mSEZ9GAbjOCA=
-15,-44,uGJNL0m4cBAZc+0VzwuDNU4xvGY=,+tVN/t8qcZWFRQ6mSEZ9GAbjOCA=
-14,-44,uGJNL0m4cBAZc+0VzwuDNU4xvGY=,+tVN/t8qcZWFRQ6mSEZ9GAbjOCA=
-13,-44,uGJNL0m4cBAZc+0VzwuDNU4xvGY=,+tVN/t8qcZWFRQ6mSEZ9GAbjOCA=
-12,-44,uGJNL0m4cBAZc+0VzwuDNU4xvGY=,+tVN/t8qcZWFRQ6mSEZ9GAbjOCA=
-11,-44,uGJNL0m4cBAZc+0VzwuDNU4xvGY=,+tVN/t8qcZWFRQ6mSEZ9GAbjOCA=
-10,-44,uGJNL0m4cBAZc+0VzwuDNU4xvGY=,+tVN/t8qcZWFRQ6mSEZ9GAbjOCA=
-12,-43,uGJNL0m4cBAZc+0VzwuDNU4xvGY=,+tVN/t8qcZWFRQ6mSEZ9GAbjOCA=
-9,-43,uGJNL0m4cBAZc+0VzwuDNU4xvGY=,+tVN/t8qcZWFRQ6mSEZ9GAbjOCA=
-14,-47,uGJNL0m4cBAZc+0VzwuDNU4xvGY=,+tVN/t8qcZWFRQ6mSEZ9GAbjOCA=
-14,-46,uGJNL0m4cBAZc+0VzwuDNU4xvGY=,+tVN/t8qcZWFRQ6mSEZ9GAbjOCA=
-13,-46,uGJNL0m4cBAZc+0VzwuDNU4xvGY=,+tVN/t8qcZWFRQ6mSEZ9GAbjOCA=
-1,-46,uGJNL0m4cBAZc+0VzwuDNU4xvGY=,j4Q18NNpfCcrGRrELSHw7sjvoYI=
-1,-45,uGJNL0m4cBAZc+0VzwuDNU4xvGY=,j4Q18NNpfCcrGRrELSHw7sjvoYI=
-1,-44,uGJNL0m4cBAZc+0VzwuDNU4xvGY=,j4Q18NNpfCcrGRrELSHw7sjvoYI=
-1,-43,uGJNL0m4cBAZc+0VzwuDNU4xvGY=,j4Q18NNpfCcrGRrELSHw7sjvoYI=
-1,-47,uGJNL0m4cBAZc+0VzwuDNU4xvGY=,j4Q18NNpfCcrGRrELSHw7sjvoYI=
-12,-38,uGJNL0m4cBAZc+0VzwuDNU4xvGY=,XYuGw0NBtDiX4JaQMIPrO4UM9Sw=
-15,-37,uGJNL0m4cBAZc+0VzwuDNU4xvGY=,XYuGw0NBtDiX4JaQMIPrO4UM9Sw=
-10,-34,uGJNL0m4cBAZc+0VzwuDNU4xvGY=,XYuGw0NBtDiX4JaQMIPrO4UM9Sw=
-13,-36,uGJNL0m4cBAZc+0VzwuDNU4xvGY=,XYuGw0NBtDiX4JaQMIPrO4UM9Sw=
-12,-36,uGJNL0m4cBAZc+0VzwuDNU4xvGY=,XYuGw0NBtDiX4JaQMIPrO4UM9Sw=
-13,-35,uGJNL0m4cBAZc+0VzwuDNU4xvGY=,XYuGw0NBtDiX4JaQMIPrO4UM9Sw=
-15,-41,uGJNL0m4cBAZc+0VzwuDNU4xvGY=,+tVN/t8qcZWFRQ6mSEZ9GAbjOCA=
-14,-40,uGJNL0m4cBAZc+0VzwuDNU4xvGY=,XYuGw0NBtDiX4JaQMIPrO4UM9Sw=
-9,-39,uGJNL0m4cBAZc+0VzwuDNU4xvGY=,XYuGw0NBtDiX4JaQMIPrO4UM9Sw=
-10,-41,uGJNL0m4cBAZc+0VzwuDNU4xvGY=,+tVN/t8qcZWFRQ6mSEZ9GAbjOCA=
-11,-41,uGJNL0m4cBAZc+0VzwuDNU4xvGY=,+tVN/t8qcZWFRQ6mSEZ9GAbjOCA=
-9,-40,uGJNL0m4cBAZc+0VzwuDNU4xvGY=,XYuGw0NBtDiX4JaQMIPrO4UM9Sw=
-10,-33,uGJNL0m4cBAZc+0VzwuDNU4xvGY=,XYuGw0NBtDiX4JaQMIPrO4UM9Sw=
-12,-41,uGJNL0m4cBAZc+0VzwuDNU4xvGY=,+tVN/t8qcZWFRQ6mSEZ9GAbjOCA=
-4,-35,uGJNL0m4cBAZc+0VzwuDNU4xvGY=,DxqH6YUNs701CVt0apczFG7VT8Q=
-9,-34,uGJNL0m4cBAZc+0VzwuDNU4xvGY=,XYuGw0NBtDiX4JaQMIPrO4UM9Sw=
-9,-42,uGJNL0m4cBAZc+0VzwuDNU4xvGY=,+tVN/t8qcZWFRQ6mSEZ9GAbjOCA=
-10,-42,uGJNL0m4cBAZc+0VzwuDNU4xvGY=,+tVN/t8qcZWFRQ6mSEZ9GAbjOCA=
-7,-40,uGJNL0m4cBAZc+0VzwuDNU4xvGY=,DxqH6YUNs701CVt0apczFG7VT8Q=
-5,-34,uGJNL0m4cBAZc+0VzwuDNU4xvGY=,DxqH6YUNs701CVt0apczFG7VT8Q=
-8,-40,uGJNL0m4cBAZc+0VzwuDNU4xvGY=,DxqH6YUNs701CVt0apczFG7VT8Q=
-7,-34,uGJNL0m4cBAZc+0VzwuDNU4xvGY=,DxqH6YUNs701CVt0apczFG7VT8Q=
-9,-41,uGJNL0m4cBAZc+0VzwuDNU4xvGY=,+tVN/t8qcZWFRQ6mSEZ9GAbjOCA=
-9,-35,uGJNL0m4cBAZc+0VzwuDNU4xvGY=,XYuGw0NBtDiX4JaQMIPrO4UM9Sw=
-5,-35,uGJNL0m4cBAZc+0VzwuDNU4xvGY=,DxqH6YUNs701CVt0apczFG7VT8Q=
-6,-35,uGJNL0m4cBAZc+0VzwuDNU4xvGY=,DxqH6YUNs701CVt0apczFG7VT8Q=
-7,-36,uGJNL0m4cBAZc+0VzwuDNU4xvGY=,DxqH6YUNs701CVt0apczFG7VT8Q=
-7,-35,uGJNL0m4cBAZc+0VzwuDNU4xvGY=,DxqH6YUNs701CVt0apczFG7VT8Q=
-7,-41,uGJNL0m4cBAZc+0VzwuDNU4xvGY=,j4Q18NNpfCcrGRrELSHw7sjvoYI=
-8,-36,uGJNL0m4cBAZc+0VzwuDNU4xvGY=,DxqH6YUNs701CVt0apczFG7VT8Q=
-8,-35,uGJNL0m4cBAZc+0VzwuDNU4xvGY=,DxqH6YUNs701CVt0apczFG7VT8Q=
-9,-36,uGJNL0m4cBAZc+0VzwuDNU4xvGY=,XYuGw0NBtDiX4JaQMIPrO4UM9Sw=
-9,-37,uGJNL0m4cBAZc+0VzwuDNU4xvGY=,XYuGw0NBtDiX4JaQMIPrO4UM9Sw=
-8,-41,uGJNL0m4cBAZc+0VzwuDNU4xvGY=,j4Q18NNpfCcrGRrELSHw7sjvoYI=
-6,-41,uGJNL0m4cBAZc+0VzwuDNU4xvGY=,j4Q18NNpfCcrGRrELSHw7sjvoYI=
-12,-39,uGJNL0m4cBAZc+0VzwuDNU4xvGY=,XYuGw0NBtDiX4JaQMIPrO4UM9Sw=
-9,-44,uGJNL0m4cBAZc+0VzwuDNU4xvGY=,+tVN/t8qcZWFRQ6mSEZ9GAbjOCA=
-7,-44,uGJNL0m4cBAZc+0VzwuDNU4xvGY=,j4Q18NNpfCcrGRrELSHw7sjvoYI=
-11,-43,uGJNL0m4cBAZc+0VzwuDNU4xvGY=,+tVN/t8qcZWFRQ6mSEZ9GAbjOCA=
-5,-37,uGJNL0m4cBAZc+0VzwuDNU4xvGY=,DxqH6YUNs701CVt0apczFG7VT8Q=
-10,-43,uGJNL0m4cBAZc+0VzwuDNU4xvGY=,+tVN/t8qcZWFRQ6mSEZ9GAbjOCA=
-11,-39,uGJNL0m4cBAZc+0VzwuDNU4xvGY=,XYuGw0NBtDiX4JaQMIPrO4UM9Sw=
-8,-39,uGJNL0m4cBAZc+0VzwuDNU4xvGY=,DxqH6YUNs701CVt0apczFG7VT8Q=
-5,-41,uGJNL0m4cBAZc+0VzwuDNU4xvGY=,j4Q18NNpfCcrGRrELSHw7sjvoYI=
-10,-39,uGJNL0m4cBAZc+0VzwuDNU4xvGY=,XYuGw0NBtDiX4JaQMIPrO4UM9Sw=
-12,-42,uGJNL0m4cBAZc+0VzwuDNU4xvGY=,+tVN/t8qcZWFRQ6mSEZ9GAbjOCA=
-11,-42,uGJNL0m4cBAZc+0VzwuDNU4xvGY=,+tVN/t8qcZWFRQ6mSEZ9GAbjOCA=
-10,-38,uGJNL0m4cBAZc+0VzwuDNU4xvGY=,XYuGw0NBtDiX4JaQMIPrO4UM9Sw=
-10,-40,uGJNL0m4cBAZc+0VzwuDNU4xvGY=,XYuGw0NBtDiX4JaQMIPrO4UM9Sw=
-7,-42,uGJNL0m4cBAZc+0VzwuDNU4xvGY=,j4Q18NNpfCcrGRrELSHw7sjvoYI=
-5,-42,uGJNL0m4cBAZc+0VzwuDNU4xvGY=,j4Q18NNpfCcrGRrELSHw7sjvoYI=
-2,-43,uGJNL0m4cBAZc+0VzwuDNU4xvGY=,j4Q18NNpfCcrGRrELSHw7sjvoYI=
-4,-41,uGJNL0m4cBAZc+0VzwuDNU4xvGY=,j4Q18NNpfCcrGRrELSHw7sjvoYI=
-6,-42,uGJNL0m4cBAZc+0VzwuDNU4xvGY=,j4Q18NNpfCcrGRrELSHw7sjvoYI=
-12,-40,uGJNL0m4cBAZc+0VzwuDNU4xvGY=,XYuGw0NBtDiX4JaQMIPrO4UM9Sw=
-6,-38,uGJNL0m4cBAZc+0VzwuDNU4xvGY=,DxqH6YUNs701CVt0apczFG7VT8Q=
-3,-42,uGJNL0m4cBAZc+0VzwuDNU4xvGY=,j4Q18NNpfCcrGRrELSHw7sjvoYI=
-2,-42,uGJNL0m4cBAZc+0VzwuDNU4xvGY=,j4Q18NNpfCcrGRrELSHw7sjvoYI=
-12,-37,uGJNL0m4cBAZc+0VzwuDNU4xvGY=,XYuGw0NBtDiX4JaQMIPrO4UM9Sw=
-10,-37,uGJNL0m4cBAZc+0VzwuDNU4xvGY=,XYuGw0NBtDiX4JaQMIPrO4UM9Sw=
-3,-43,uGJNL0m4cBAZc+0VzwuDNU4xvGY=,j4Q18NNpfCcrGRrELSHw7sjvoYI=
-11,-37,uGJNL0m4cBAZc+0VzwuDNU4xvGY=,XYuGw0NBtDiX4JaQMIPrO4UM9Sw=
-7,-43,uGJNL0m4cBAZc+0VzwuDNU4xvGY=,j4Q18NNpfCcrGRrELSHw7sjvoYI=
-11,-38,uGJNL0m4cBAZc+0VzwuDNU4xvGY=,XYuGw0NBtDiX4JaQMIPrO4UM9Sw=
-11,-40,uGJNL0m4cBAZc+0VzwuDNU4xvGY=,XYuGw0NBtDiX4JaQMIPrO4UM9Sw=
-8,-37,uGJNL0m4cBAZc+0VzwuDNU4xvGY=,DxqH6YUNs701CVt0apczFG7VT8Q=
-3,-41,uGJNL0m4cBAZc+0VzwuDNU4xvGY=,j4Q18NNpfCcrGRrELSHw7sjvoYI=
-8,-44,uGJNL0m4cBAZc+0VzwuDNU4xvGY=,j4Q18NNpfCcrGRrELSHw7sjvoYI=
-7,-37,uGJNL0m4cBAZc+0VzwuDNU4xvGY=,DxqH6YUNs701CVt0apczFG7VT8Q=
-8,-43,uGJNL0m4cBAZc+0VzwuDNU4xvGY=,j4Q18NNpfCcrGRrELSHw7sjvoYI=
-4,-42,uGJNL0m4cBAZc+0VzwuDNU4xvGY=,j4Q18NNpfCcrGRrELSHw7sjvoYI=
-2,-40,uGJNL0m4cBAZc+0VzwuDNU4xvGY=,DxqH6YUNs701CVt0apczFG7VT8Q=
-4,-43,uGJNL0m4cBAZc+0VzwuDNU4xvGY=,j4Q18NNpfCcrGRrELSHw7sjvoYI=
-2,-41,uGJNL0m4cBAZc+0VzwuDNU4xvGY=,j4Q18NNpfCcrGRrELSHw7sjvoYI=
-5,-40,uGJNL0m4cBAZc+0VzwuDNU4xvGY=,DxqH6YUNs701CVt0apczFG7VT8Q=
-1,-41,uGJNL0m4cBAZc+0VzwuDNU4xvGY=,j4Q18NNpfCcrGRrELSHw7sjvoYI=
-3,-40,uGJNL0m4cBAZc+0VzwuDNU4xvGY=,DxqH6YUNs701CVt0apczFG7VT8Q=
-5,-43,uGJNL0m4cBAZc+0VzwuDNU4xvGY=,j4Q18NNpfCcrGRrELSHw7sjvoYI=
-1,-42,uGJNL0m4cBAZc+0VzwuDNU4xvGY=,j4Q18NNpfCcrGRrELSHw7sjvoYI=
-1,-40,uGJNL0m4cBAZc+0VzwuDNU4xvGY=,DxqH6YUNs701CVt0apczFG7VT8Q=
-8,-42,uGJNL0m4cBAZc+0VzwuDNU4xvGY=,j4Q18NNpfCcrGRrELSHw7sjvoYI=
-5,-38,uGJNL0m4cBAZc+0VzwuDNU4xvGY=,DxqH6YUNs701CVt0apczFG7VT8Q=
-7,-38,uGJNL0m4cBAZc+0VzwuDNU4xvGY=,DxqH6YUNs701CVt0apczFG7VT8Q=
-2,-38,uGJNL0m4cBAZc+0VzwuDNU4xvGY=,DxqH6YUNs701CVt0apczFG7VT8Q=
-6,-37,uGJNL0m4cBAZc+0VzwuDNU4xvGY=,DxqH6YUNs701CVt0apczFG7VT8Q=
-9,-38,uGJNL0m4cBAZc+0VzwuDNU4xvGY=,XYuGw0NBtDiX4JaQMIPrO4UM9Sw=
-1,-38,uGJNL0m4cBAZc+0VzwuDNU4xvGY=,DxqH6YUNs701CVt0apczFG7VT8Q=
-8,-38,uGJNL0m4cBAZc+0VzwuDNU4xvGY=,DxqH6YUNs701CVt0apczFG7VT8Q=
-2,-39,uGJNL0m4cBAZc+0VzwuDNU4xvGY=,DxqH6YUNs701CVt0apczFG7VT8Q=
-4,-38,uGJNL0m4cBAZc+0VzwuDNU4xvGY=,DxqH6YUNs701CVt0apczFG7VT8Q=
-7,-39,uGJNL0m4cBAZc+0VzwuDNU4xvGY=,DxqH6YUNs701CVt0apczFG7VT8Q=
-6,-40,uGJNL0m4cBAZc+0VzwuDNU4xvGY=,DxqH6YUNs701CVt0apczFG7VT8Q=
-1,-39,uGJNL0m4cBAZc+0VzwuDNU4xvGY=,DxqH6YUNs701CVt0apczFG7VT8Q=
-3,-39,uGJNL0m4cBAZc+0VzwuDNU4xvGY=,DxqH6YUNs701CVt0apczFG7VT8Q=
-1,-37,uGJNL0m4cBAZc+0VzwuDNU4xvGY=,DxqH6YUNs701CVt0apczFG7VT8Q=
-2,-37,uGJNL0m4cBAZc+0VzwuDNU4xvGY=,DxqH6YUNs701CVt0apczFG7VT8Q=
-3,-38,uGJNL0m4cBAZc+0VzwuDNU4xvGY=,DxqH6YUNs701CVt0apczFG7VT8Q=
-6,-39,uGJNL0m4cBAZc+0VzwuDNU4xvGY=,DxqH6YUNs701CVt0apczFG7VT8Q=
-4,-39,uGJNL0m4cBAZc+0VzwuDNU4xvGY=,DxqH6YUNs701CVt0apczFG7VT8Q=
-4,-37,uGJNL0m4cBAZc+0VzwuDNU4xvGY=,DxqH6YUNs701CVt0apczFG7VT8Q=
-3,-37,uGJNL0m4cBAZc+0VzwuDNU4xvGY=,DxqH6YUNs701CVt0apczFG7VT8Q=
-4,-40,uGJNL0m4cBAZc+0VzwuDNU4xvGY=,DxqH6YUNs701CVt0apczFG7VT8Q=
-5,-39,uGJNL0m4cBAZc+0VzwuDNU4xvGY=,DxqH6YUNs701CVt0apczFG7VT8Q=
-9,-33,uGJNL0m4cBAZc+0VzwuDNU4xvGY=,XYuGw0NBtDiX4JaQMIPrO4UM9Sw=
-5,-36,uGJNL0m4cBAZc+0VzwuDNU4xvGY=,DxqH6YUNs701CVt0apczFG7VT8Q=
-6,-34,uGJNL0m4cBAZc+0VzwuDNU4xvGY=,DxqH6YUNs701CVt0apczFG7VT8Q=
-6,-33,uGJNL0m4cBAZc+0VzwuDNU4xvGY=,DxqH6YUNs701CVt0apczFG7VT8Q=
-11,-36,uGJNL0m4cBAZc+0VzwuDNU4xvGY=,XYuGw0NBtDiX4JaQMIPrO4UM9Sw=
-8,-34,uGJNL0m4cBAZc+0VzwuDNU4xvGY=,DxqH6YUNs701CVt0apczFG7VT8Q=
-10,-36,+RQ9On/5DZRq2xxVzzWr9PZ5ngM=,XYuGw0NBtDiX4JaQMIPrO4UM9Sw=
-12,-35,+RQ9On/5DZRq2xxVzzWr9PZ5ngM=,XYuGw0NBtDiX4JaQMIPrO4UM9Sw=
-6,-36,+RQ9On/5DZRq2xxVzzWr9PZ5ngM=,DxqH6YUNs701CVt0apczFG7VT8Q=
-8,-33,+RQ9On/5DZRq2xxVzzWr9PZ5ngM=,DxqH6YUNs701CVt0apczFG7VT8Q=
-11,-35,+RQ9On/5DZRq2xxVzzWr9PZ5ngM=,XYuGw0NBtDiX4JaQMIPrO4UM9Sw=
-5,-33,+RQ9On/5DZRq2xxVzzWr9PZ5ngM=,DxqH6YUNs701CVt0apczFG7VT8Q=
-10,-35,+RQ9On/5DZRq2xxVzzWr9PZ5ngM=,XYuGw0NBtDiX4JaQMIPrO4UM9Sw=
-11,-33,+RQ9On/5DZRq2xxVzzWr9PZ5ngM=,XYuGw0NBtDiX4JaQMIPrO4UM9Sw=
-7,-33,+RQ9On/5DZRq2xxVzzWr9PZ5ngM=,DxqH6YUNs701CVt0apczFG7VT8Q=
-4,-33,+RQ9On/5DZRq2xxVzzWr9PZ5ngM=,DxqH6YUNs701CVt0apczFG7VT8Q=
-12,-33,+RQ9On/5DZRq2xxVzzWr9PZ5ngM=,XYuGw0NBtDiX4JaQMIPrO4UM9Sw=
-4,-36,+RQ9On/5DZRq2xxVzzWr9PZ5ngM=,DxqH6YUNs701CVt0apczFG7VT8Q=
-2,-35,+RQ9On/5DZRq2xxVzzWr9PZ5ngM=,DxqH6YUNs701CVt0apczFG7VT8Q=
-1,-33,+RQ9On/5DZRq2xxVzzWr9PZ5ngM=,DxqH6YUNs701CVt0apczFG7VT8Q=
-11,-34,+RQ9On/5DZRq2xxVzzWr9PZ5ngM=,XYuGw0NBtDiX4JaQMIPrO4UM9Sw=
-3,-35,+RQ9On/5DZRq2xxVzzWr9PZ5ngM=,DxqH6YUNs701CVt0apczFG7VT8Q=
-12,-34,+RQ9On/5DZRq2xxVzzWr9PZ5ngM=,XYuGw0NBtDiX4JaQMIPrO4UM9Sw=
-1,-34,+RQ9On/5DZRq2xxVzzWr9PZ5ngM=,DxqH6YUNs701CVt0apczFG7VT8Q=
-4,-34,+RQ9On/5DZRq2xxVzzWr9PZ5ngM=,DxqH6YUNs701CVt0apczFG7VT8Q=
-3,-34,+RQ9On/5DZRq2xxVzzWr9PZ5ngM=,DxqH6YUNs701CVt0apczFG7VT8Q=
-3,-33,+RQ9On/5DZRq2xxVzzWr9PZ5ngM=,DxqH6YUNs701CVt0apczFG7VT8Q=
-2,-36,+RQ9On/5DZRq2xxVzzWr9PZ5ngM=,DxqH6YUNs701CVt0apczFG7VT8Q=
-2,-34,+RQ9On/5DZRq2xxVzzWr9PZ5ngM=,DxqH6YUNs701CVt0apczFG7VT8Q=
-3,-36,+RQ9On/5DZRq2xxVzzWr9PZ5ngM=,DxqH6YUNs701CVt0apczFG7VT8Q=
-2,-33,+RQ9On/5DZRq2xxVzzWr9PZ5ngM=,DxqH6YUNs701CVt0apczFG7VT8Q=
-1,-35,+RQ9On/5DZRq2xxVzzWr9PZ5ngM=,DxqH6YUNs701CVt0apczFG7VT8Q=
-1,-36,+RQ9On/5DZRq2xxVzzWr9PZ5ngM=,DxqH6YUNs701CVt0apczFG7VT8Q=
-16,-33,+RQ9On/5DZRq2xxVzzWr9PZ5ngM=,XYuGw0NBtDiX4JaQMIPrO4UM9Sw=
-7,-48,+RQ9On/5DZRq2xxVzzWr9PZ5ngM=,j4Q18NNpfCcrGRrELSHw7sjvoYI=
-6,-48,+RQ9On/5DZRq2xxVzzWr9PZ5ngM=,j4Q18NNpfCcrGRrELSHw7sjvoYI=
-16,-35,+RQ9On/5DZRq2xxVzzWr9PZ5ngM=,XYuGw0NBtDiX4JaQMIPrO4UM9Sw=
-2,-48,+RQ9On/5DZRq2xxVzzWr9PZ5ngM=,j4Q18NNpfCcrGRrELSHw7sjvoYI=
-3,-48,+RQ9On/5DZRq2xxVzzWr9PZ5ngM=,j4Q18NNpfCcrGRrELSHw7sjvoYI=
-4,-48,+RQ9On/5DZRq2xxVzzWr9PZ5ngM=,j4Q18NNpfCcrGRrELSHw7sjvoYI=
-5,-48,+RQ9On/5DZRq2xxVzzWr9PZ5ngM=,j4Q18NNpfCcrGRrELSHw7sjvoYI=
-16,-34,+RQ9On/5DZRq2xxVzzWr9PZ5ngM=,XYuGw0NBtDiX4JaQMIPrO4UM9Sw=
-15,-35,+RQ9On/5DZRq2xxVzzWr9PZ5ngM=,XYuGw0NBtDiX4JaQMIPrO4UM9Sw=
-14,-35,+RQ9On/5DZRq2xxVzzWr9PZ5ngM=,XYuGw0NBtDiX4JaQMIPrO4UM9Sw=
-15,-36,+RQ9On/5DZRq2xxVzzWr9PZ5ngM=,XYuGw0NBtDiX4JaQMIPrO4UM9Sw=
-14,-36,+RQ9On/5DZRq2xxVzzWr9PZ5ngM=,XYuGw0NBtDiX4JaQMIPrO4UM9Sw=
-16,-36,+RQ9On/5DZRq2xxVzzWr9PZ5ngM=,XYuGw0NBtDiX4JaQMIPrO4UM9Sw=
-14,-34,+RQ9On/5DZRq2xxVzzWr9PZ5ngM=,XYuGw0NBtDiX4JaQMIPrO4UM9Sw=
-15,-34,+RQ9On/5DZRq2xxVzzWr9PZ5ngM=,XYuGw0NBtDiX4JaQMIPrO4UM9Sw=
-14,-33,+RQ9On/5DZRq2xxVzzWr9PZ5ngM=,XYuGw0NBtDiX4JaQMIPrO4UM9Sw=
-15,-33,+RQ9On/5DZRq2xxVzzWr9PZ5ngM=,XYuGw0NBtDiX4JaQMIPrO4UM9Sw=
-13,-34,+RQ9On/5DZRq2xxVzzWr9PZ5ngM=,XYuGw0NBtDiX4JaQMIPrO4UM9Sw=
-1,-48,+RQ9On/5DZRq2xxVzzWr9PZ5ngM=,j4Q18NNpfCcrGRrELSHw7sjvoYI=
-8,-48,+RQ9On/5DZRq2xxVzzWr9PZ5ngM=,j4Q18NNpfCcrGRrELSHw7sjvoYI=
-13,-33,+RQ9On/5DZRq2xxVzzWr9PZ5ngM=,XYuGw0NBtDiX4JaQMIPrO4UM9Sw=
-9,-48,+RQ9On/5DZRq2xxVzzWr9PZ5ngM=,+tVN/t8qcZWFRQ6mSEZ9GAbjOCA=
-11,-48,+RQ9On/5DZRq2xxVzzWr9PZ5ngM=,+tVN/t8qcZWFRQ6mSEZ9GAbjOCA=
-12,-48,+RQ9On/5DZRq2xxVzzWr9PZ5ngM=,+tVN/t8qcZWFRQ6mSEZ9GAbjOCA=
-10,-48,+RQ9On/5DZRq2xxVzzWr9PZ5ngM=,+tVN/t8qcZWFRQ6mSEZ9GAbjOCA=
-8,-46,+RQ9On/5DZRq2xxVzzWr9PZ5ngM=,j4Q18NNpfCcrGRrELSHw7sjvoYI=
-7,-45,+RQ9On/5DZRq2xxVzzWr9PZ5ngM=,j4Q18NNpfCcrGRrELSHw7sjvoYI=
-9,-47,+RQ9On/5DZRq2xxVzzWr9PZ5ngM=,+tVN/t8qcZWFRQ6mSEZ9GAbjOCA=
-10,-46,+RQ9On/5DZRq2xxVzzWr9PZ5ngM=,+tVN/t8qcZWFRQ6mSEZ9GAbjOCA=
-10,-45,+RQ9On/5DZRq2xxVzzWr9PZ5ngM=,+tVN/t8qcZWFRQ6mSEZ9GAbjOCA=
-9,-45,+RQ9On/5DZRq2xxVzzWr9PZ5ngM=,+tVN/t8qcZWFRQ6mSEZ9GAbjOCA=
-8,-45,+RQ9On/5DZRq2xxVzzWr9PZ5ngM=,j4Q18NNpfCcrGRrELSHw7sjvoYI=
-9,-46,+RQ9On/5DZRq2xxVzzWr9PZ5ngM=,+tVN/t8qcZWFRQ6mSEZ9GAbjOCA=
-12,-47,+RQ9On/5DZRq2xxVzzWr9PZ5ngM=,+tVN/t8qcZWFRQ6mSEZ9GAbjOCA=
-10,-47,+RQ9On/5DZRq2xxVzzWr9PZ5ngM=,+tVN/t8qcZWFRQ6mSEZ9GAbjOCA=
-11,-47,+RQ9On/5DZRq2xxVzzWr9PZ5ngM=,+tVN/t8qcZWFRQ6mSEZ9GAbjOCA=
-16,-44,+RQ9On/5DZRq2xxVzzWr9PZ5ngM=,+tVN/t8qcZWFRQ6mSEZ9GAbjOCA=
-16,-40,+RQ9On/5DZRq2xxVzzWr9PZ5ngM=,XYuGw0NBtDiX4JaQMIPrO4UM9Sw=
-15,-43,+RQ9On/5DZRq2xxVzzWr9PZ5ngM=,+tVN/t8qcZWFRQ6mSEZ9GAbjOCA=
-16,-41,+RQ9On/5DZRq2xxVzzWr9PZ5ngM=,+tVN/t8qcZWFRQ6mSEZ9GAbjOCA=
-16,-43,+RQ9On/5DZRq2xxVzzWr9PZ5ngM=,+tVN/t8qcZWFRQ6mSEZ9GAbjOCA=
-13,-43,+RQ9On/5DZRq2xxVzzWr9PZ5ngM=,+tVN/t8qcZWFRQ6mSEZ9GAbjOCA=
-16,-42,+RQ9On/5DZRq2xxVzzWr9PZ5ngM=,+tVN/t8qcZWFRQ6mSEZ9GAbjOCA=
-14,-42,+RQ9On/5DZRq2xxVzzWr9PZ5ngM=,+tVN/t8qcZWFRQ6mSEZ9GAbjOCA=
-15,-42,+RQ9On/5DZRq2xxVzzWr9PZ5ngM=,+tVN/t8qcZWFRQ6mSEZ9GAbjOCA=
-15,-47,+RQ9On/5DZRq2xxVzzWr9PZ5ngM=,+tVN/t8qcZWFRQ6mSEZ9GAbjOCA=
-14,-43,+RQ9On/5DZRq2xxVzzWr9PZ5ngM=,+tVN/t8qcZWFRQ6mSEZ9GAbjOCA=
-13,-47,+RQ9On/5DZRq2xxVzzWr9PZ5ngM=,+tVN/t8qcZWFRQ6mSEZ9GAbjOCA=
-15,-38,+RQ9On/5DZRq2xxVzzWr9PZ5ngM=,XYuGw0NBtDiX4JaQMIPrO4UM9Sw=
-13,-39,+RQ9On/5DZRq2xxVzzWr9PZ5ngM=,XYuGw0NBtDiX4JaQMIPrO4UM9Sw=
-13,-42,+RQ9On/5DZRq2xxVzzWr9PZ5ngM=,+tVN/t8qcZWFRQ6mSEZ9GAbjOCA=
-14,-38,+RQ9On/5DZRq2xxVzzWr9PZ5ngM=,XYuGw0NBtDiX4JaQMIPrO4UM9Sw=
-13,-38,+RQ9On/5DZRq2xxVzzWr9PZ5ngM=,XYuGw0NBtDiX4JaQMIPrO4UM9Sw=
-14,-37,+RQ9On/5DZRq2xxVzzWr9PZ5ngM=,XYuGw0NBtDiX4JaQMIPrO4UM9Sw=
-15,-46,+RQ9On/5DZRq2xxVzzWr9PZ5ngM=,+tVN/t8qcZWFRQ6mSEZ9GAbjOCA=
-14,-39,+RQ9On/5DZRq2xxVzzWr9PZ5ngM=,XYuGw0NBtDiX4JaQMIPrO4UM9Sw=
-14,-41,+RQ9On/5DZRq2xxVzzWr9PZ5ngM=,+tVN/t8qcZWFRQ6mSEZ9GAbjOCA=
-15,-39,+RQ9On/5DZRq2xxVzzWr9PZ5ngM=,XYuGw0NBtDiX4JaQMIPrO4UM9Sw=
-13,-40,+RQ9On/5DZRq2xxVzzWr9PZ5ngM=,XYuGw0NBtDiX4JaQMIPrO4UM9Sw=
-15,-40,+RQ9On/5DZRq2xxVzzWr9PZ5ngM=,XYuGw0NBtDiX4JaQMIPrO4UM9Sw=
-13,-37,+RQ9On/5DZRq2xxVzzWr9PZ5ngM=,XYuGw0NBtDiX4JaQMIPrO4UM9Sw=
-16,-48,+RQ9On/5DZRq2xxVzzWr9PZ5ngM=,+tVN/t8qcZWFRQ6mSEZ9GAbjOCA=
-16,-45,+RQ9On/5DZRq2xxVzzWr9PZ5ngM=,+tVN/t8qcZWFRQ6mSEZ9GAbjOCA=
-13,-41,+RQ9On/5DZRq2xxVzzWr9PZ5ngM=,+tVN/t8qcZWFRQ6mSEZ9GAbjOCA=
-13,-48,+RQ9On/5DZRq2xxVzzWr9PZ5ngM=,+tVN/t8qcZWFRQ6mSEZ9GAbjOCA=
-16,-37,+RQ9On/5DZRq2xxVzzWr9PZ5ngM=,XYuGw0NBtDiX4JaQMIPrO4UM9Sw=
-16,-38,+RQ9On/5DZRq2xxVzzWr9PZ5ngM=,XYuGw0NBtDiX4JaQMIPrO4UM9Sw=
-16,-47,+RQ9On/5DZRq2xxVzzWr9PZ5ngM=,+tVN/t8qcZWFRQ6mSEZ9GAbjOCA=
-14,-48,+RQ9On/5DZRq2xxVzzWr9PZ5ngM=,+tVN/t8qcZWFRQ6mSEZ9GAbjOCA=
-15,-48,+RQ9On/5DZRq2xxVzzWr9PZ5ngM=,+tVN/t8qcZWFRQ6mSEZ9GAbjOCA=
-16,-46,+RQ9On/5DZRq2xxVzzWr9PZ5ngM=,+tVN/t8qcZWFRQ6mSEZ9GAbjOCA=
-16,-39,+RQ9On/5DZRq2xxVzzWr9PZ5ngM=,XYuGw0NBtDiX4JaQMIPrO4UM9Sw=
-4,-51,+RQ9On/5DZRq2xxVzzWr9PZ5ngM=,5BkNp8m26KorEqSNP48BniS2xvA=
-6,-51,+RQ9On/5DZRq2xxVzzWr9PZ5ngM=,5BkNp8m26KorEqSNP48BniS2xvA=
-2,-54,+RQ9On/5DZRq2xxVzzWr9PZ5ngM=,5BkNp8m26KorEqSNP48BniS2xvA=
-7,-51,+RQ9On/5DZRq2xxVzzWr9PZ5ngM=,5BkNp8m26KorEqSNP48BniS2xvA=
-2,-55,+RQ9On/5DZRq2xxVzzWr9PZ5ngM=,5BkNp8m26KorEqSNP48BniS2xvA=
-3,-55,+RQ9On/5DZRq2xxVzzWr9PZ5ngM=,5BkNp8m26KorEqSNP48BniS2xvA=
-4,-55,+RQ9On/5DZRq2xxVzzWr9PZ5ngM=,5BkNp8m26KorEqSNP48BniS2xvA=
-3,-50,+RQ9On/5DZRq2xxVzzWr9PZ5ngM=,5BkNp8m26KorEqSNP48BniS2xvA=
-4,-50,+RQ9On/5DZRq2xxVzzWr9PZ5ngM=,5BkNp8m26KorEqSNP48BniS2xvA=
-5,-50,+RQ9On/5DZRq2xxVzzWr9PZ5ngM=,5BkNp8m26KorEqSNP48BniS2xvA=
-5,-55,+RQ9On/5DZRq2xxVzzWr9PZ5ngM=,5BkNp8m26KorEqSNP48BniS2xvA=
-2,-53,+RQ9On/5DZRq2xxVzzWr9PZ5ngM=,5BkNp8m26KorEqSNP48BniS2xvA=
-3,-53,+RQ9On/5DZRq2xxVzzWr9PZ5ngM=,5BkNp8m26KorEqSNP48BniS2xvA=
-6,-55,+RQ9On/5DZRq2xxVzzWr9PZ5ngM=,5BkNp8m26KorEqSNP48BniS2xvA=
-3,-54,+RQ9On/5DZRq2xxVzzWr9PZ5ngM=,5BkNp8m26KorEqSNP48BniS2xvA=
-5,-54,+RQ9On/5DZRq2xxVzzWr9PZ5ngM=,5BkNp8m26KorEqSNP48BniS2xvA=
-4,-53,+RQ9On/5DZRq2xxVzzWr9PZ5ngM=,5BkNp8m26KorEqSNP48BniS2xvA=
-6,-50,+RQ9On/5DZRq2xxVzzWr9PZ5ngM=,5BkNp8m26KorEqSNP48BniS2xvA=
-7,-50,+RQ9On/5DZRq2xxVzzWr9PZ5ngM=,5BkNp8m26KorEqSNP48BniS2xvA=
-8,-52,+RQ9On/5DZRq2xxVzzWr9PZ5ngM=,5BkNp8m26KorEqSNP48BniS2xvA=
-15,-55,+RQ9On/5DZRq2xxVzzWr9PZ5ngM=,zvyQNDCXD7jPR6tBqYFPVBll0l8=
-7,-62,+RQ9On/5DZRq2xxVzzWr9PZ5ngM=,f3r2HCqUbMQ3MzioNZFkbMCvUgI=
-4,-56,+RQ9On/5DZRq2xxVzzWr9PZ5ngM=,5BkNp8m26KorEqSNP48BniS2xvA=
-3,-56,+RQ9On/5DZRq2xxVzzWr9PZ5ngM=,5BkNp8m26KorEqSNP48BniS2xvA=
-3,-62,+RQ9On/5DZRq2xxVzzWr9PZ5ngM=,f3r2HCqUbMQ3MzioNZFkbMCvUgI=
-2,-62,+RQ9On/5DZRq2xxVzzWr9PZ5ngM=,f3r2HCqUbMQ3MzioNZFkbMCvUgI=
-1,-62,+RQ9On/5DZRq2xxVzzWr9PZ5ngM=,f3r2HCqUbMQ3MzioNZFkbMCvUgI=
-7,-61,+RQ9On/5DZRq2xxVzzWr9PZ5ngM=,f3r2HCqUbMQ3MzioNZFkbMCvUgI=
-3,-61,+RQ9On/5DZRq2xxVzzWr9PZ5ngM=,f3r2HCqUbMQ3MzioNZFkbMCvUgI=
-2,-61,+RQ9On/5DZRq2xxVzzWr9PZ5ngM=,f3r2HCqUbMQ3MzioNZFkbMCvUgI=
-1,-61,+RQ9On/5DZRq2xxVzzWr9PZ5ngM=,f3r2HCqUbMQ3MzioNZFkbMCvUgI=
-7,-63,+RQ9On/5DZRq2xxVzzWr9PZ5ngM=,f3r2HCqUbMQ3MzioNZFkbMCvUgI=
-3,-60,+RQ9On/5DZRq2xxVzzWr9PZ5ngM=,f3r2HCqUbMQ3MzioNZFkbMCvUgI=
-2,-60,+RQ9On/5DZRq2xxVzzWr9PZ5ngM=,f3r2HCqUbMQ3MzioNZFkbMCvUgI=
-1,-60,+RQ9On/5DZRq2xxVzzWr9PZ5ngM=,f3r2HCqUbMQ3MzioNZFkbMCvUgI=
-2,-56,+RQ9On/5DZRq2xxVzzWr9PZ5ngM=,5BkNp8m26KorEqSNP48BniS2xvA=
-4,-59,+RQ9On/5DZRq2xxVzzWr9PZ5ngM=,f3r2HCqUbMQ3MzioNZFkbMCvUgI=
-6,-56,+RQ9On/5DZRq2xxVzzWr9PZ5ngM=,5BkNp8m26KorEqSNP48BniS2xvA=
-3,-59,+RQ9On/5DZRq2xxVzzWr9PZ5ngM=,f3r2HCqUbMQ3MzioNZFkbMCvUgI=
-2,-59,Y5pLAdJzjW9F+6IN74zKqd94VB4=,f3r2HCqUbMQ3MzioNZFkbMCvUgI=
-1,-59,Y5pLAdJzjW9F+6IN74zKqd94VB4=,f3r2HCqUbMQ3MzioNZFkbMCvUgI=
-3,-63,Y5pLAdJzjW9F+6IN74zKqd94VB4=,f3r2HCqUbMQ3MzioNZFkbMCvUgI=
-2,-63,Y5pLAdJzjW9F+6IN74zKqd94VB4=,f3r2HCqUbMQ3MzioNZFkbMCvUgI=
-5,-58,Y5pLAdJzjW9F+6IN74zKqd94VB4=,f3r2HCqUbMQ3MzioNZFkbMCvUgI=
-4,-58,Y5pLAdJzjW9F+6IN74zKqd94VB4=,f3r2HCqUbMQ3MzioNZFkbMCvUgI=
-3,-58,Y5pLAdJzjW9F+6IN74zKqd94VB4=,f3r2HCqUbMQ3MzioNZFkbMCvUgI=
-2,-58,Y5pLAdJzjW9F+6IN74zKqd94VB4=,f3r2HCqUbMQ3MzioNZFkbMCvUgI=
-1,-58,Y5pLAdJzjW9F+6IN74zKqd94VB4=,f3r2HCqUbMQ3MzioNZFkbMCvUgI=
-5,-57,Y5pLAdJzjW9F+6IN74zKqd94VB4=,f3r2HCqUbMQ3MzioNZFkbMCvUgI=
-4,-57,Y5pLAdJzjW9F+6IN74zKqd94VB4=,f3r2HCqUbMQ3MzioNZFkbMCvUgI=
-3,-57,Y5pLAdJzjW9F+6IN74zKqd94VB4=,f3r2HCqUbMQ3MzioNZFkbMCvUgI=
-2,-57,Y5pLAdJzjW9F+6IN74zKqd94VB4=,f3r2HCqUbMQ3MzioNZFkbMCvUgI=
-5,-56,Y5pLAdJzjW9F+6IN74zKqd94VB4=,5BkNp8m26KorEqSNP48BniS2xvA=
-1,-63,Y5pLAdJzjW9F+6IN74zKqd94VB4=,f3r2HCqUbMQ3MzioNZFkbMCvUgI=
-8,-51,Y5pLAdJzjW9F+6IN74zKqd94VB4=,5BkNp8m26KorEqSNP48BniS2xvA=
-9,-50,Y5pLAdJzjW9F+6IN74zKqd94VB4=,zvyQNDCXD7jPR6tBqYFPVBll0l8=
-10,-50,Y5pLAdJzjW9F+6IN74zKqd94VB4=,zvyQNDCXD7jPR6tBqYFPVBll0l8=
-9,-51,Y5pLAdJzjW9F+6IN74zKqd94VB4=,zvyQNDCXD7jPR6tBqYFPVBll0l8=
-14,-51,Y5pLAdJzjW9F+6IN74zKqd94VB4=,zvyQNDCXD7jPR6tBqYFPVBll0l8=
-15,-51,Y5pLAdJzjW9F+6IN74zKqd94VB4=,zvyQNDCXD7jPR6tBqYFPVBll0l8=
-9,-52,Y5pLAdJzjW9F+6IN74zKqd94VB4=,zvyQNDCXD7jPR6tBqYFPVBll0l8=
-13,-52,Y5pLAdJzjW9F+6IN74zKqd94VB4=,zvyQNDCXD7jPR6tBqYFPVBll0l8=
-14,-52,Y5pLAdJzjW9F+6IN74zKqd94VB4=,zvyQNDCXD7jPR6tBqYFPVBll0l8=
-15,-52,Y5pLAdJzjW9F+6IN74zKqd94VB4=,zvyQNDCXD7jPR6tBqYFPVBll0l8=
-8,-50,Y5pLAdJzjW9F+6IN74zKqd94VB4=,5BkNp8m26KorEqSNP48BniS2xvA=
-12,-53,Y5pLAdJzjW9F+6IN74zKqd94VB4=,zvyQNDCXD7jPR6tBqYFPVBll0l8=
-13,-53,Y5pLAdJzjW9F+6IN74zKqd94VB4=,zvyQNDCXD7jPR6tBqYFPVBll0l8=
-14,-53,Y5pLAdJzjW9F+6IN74zKqd94VB4=,zvyQNDCXD7jPR6tBqYFPVBll0l8=
-15,-53,Y5pLAdJzjW9F+6IN74zKqd94VB4=,zvyQNDCXD7jPR6tBqYFPVBll0l8=
-11,-54,Y5pLAdJzjW9F+6IN74zKqd94VB4=,zvyQNDCXD7jPR6tBqYFPVBll0l8=
-12,-54,Y5pLAdJzjW9F+6IN74zKqd94VB4=,zvyQNDCXD7jPR6tBqYFPVBll0l8=
-13,-54,Y5pLAdJzjW9F+6IN74zKqd94VB4=,zvyQNDCXD7jPR6tBqYFPVBll0l8=
-14,-54,Y5pLAdJzjW9F+6IN74zKqd94VB4=,zvyQNDCXD7jPR6tBqYFPVBll0l8=
-15,-54,Y5pLAdJzjW9F+6IN74zKqd94VB4=,zvyQNDCXD7jPR6tBqYFPVBll0l8=
-12,-55,Y5pLAdJzjW9F+6IN74zKqd94VB4=,zvyQNDCXD7jPR6tBqYFPVBll0l8=
-13,-55,Y5pLAdJzjW9F+6IN74zKqd94VB4=,zvyQNDCXD7jPR6tBqYFPVBll0l8=
-14,-55,Y5pLAdJzjW9F+6IN74zKqd94VB4=,zvyQNDCXD7jPR6tBqYFPVBll0l8=
-12,-62,Y5pLAdJzjW9F+6IN74zKqd94VB4=,8h2PypIxMLu2Oxdqm7uZCtYITVA=
-8,-62,Y5pLAdJzjW9F+6IN74zKqd94VB4=,f3r2HCqUbMQ3MzioNZFkbMCvUgI=
-11,-62,Y5pLAdJzjW9F+6IN74zKqd94VB4=,8h2PypIxMLu2Oxdqm7uZCtYITVA=
-8,-61,Y5pLAdJzjW9F+6IN74zKqd94VB4=,f3r2HCqUbMQ3MzioNZFkbMCvUgI=
-10,-62,Y5pLAdJzjW9F+6IN74zKqd94VB4=,8h2PypIxMLu2Oxdqm7uZCtYITVA=
-8,-53,Y5pLAdJzjW9F+6IN74zKqd94VB4=,5BkNp8m26KorEqSNP48BniS2xvA=
-8,-55,Y5pLAdJzjW9F+6IN74zKqd94VB4=,5BkNp8m26KorEqSNP48BniS2xvA=
-12,-49,Y5pLAdJzjW9F+6IN74zKqd94VB4=,zvyQNDCXD7jPR6tBqYFPVBll0l8=
-11,-49,Y5pLAdJzjW9F+6IN74zKqd94VB4=,zvyQNDCXD7jPR6tBqYFPVBll0l8=
-10,-49,Y5pLAdJzjW9F+6IN74zKqd94VB4=,zvyQNDCXD7jPR6tBqYFPVBll0l8=
-15,-64,Y5pLAdJzjW9F+6IN74zKqd94VB4=,8h2PypIxMLu2Oxdqm7uZCtYITVA=
-14,-64,Y5pLAdJzjW9F+6IN74zKqd94VB4=,8h2PypIxMLu2Oxdqm7uZCtYITVA=
-13,-64,Y5pLAdJzjW9F+6IN74zKqd94VB4=,8h2PypIxMLu2Oxdqm7uZCtYITVA=
-12,-64,Y5pLAdJzjW9F+6IN74zKqd94VB4=,8h2PypIxMLu2Oxdqm7uZCtYITVA=
-11,-64,Y5pLAdJzjW9F+6IN74zKqd94VB4=,8h2PypIxMLu2Oxdqm7uZCtYITVA=
-10,-64,Y5pLAdJzjW9F+6IN74zKqd94VB4=,8h2PypIxMLu2Oxdqm7uZCtYITVA=
-16,-61,Y5pLAdJzjW9F+6IN74zKqd94VB4=,8h2PypIxMLu2Oxdqm7uZCtYITVA=
-16,-63,Y5pLAdJzjW9F+6IN74zKqd94VB4=,8h2PypIxMLu2Oxdqm7uZCtYITVA=
-16,-62,Y5pLAdJzjW9F+6IN74zKqd94VB4=,8h2PypIxMLu2Oxdqm7uZCtYITVA=
-8,-54,Y5pLAdJzjW9F+6IN74zKqd94VB4=,5BkNp8m26KorEqSNP48BniS2xvA=
-15,-62,Y5pLAdJzjW9F+6IN74zKqd94VB4=,8h2PypIxMLu2Oxdqm7uZCtYITVA=
-13,-56,Y5pLAdJzjW9F+6IN74zKqd94VB4=,zvyQNDCXD7jPR6tBqYFPVBll0l8=
-14,-56,Y5pLAdJzjW9F+6IN74zKqd94VB4=,zvyQNDCXD7jPR6tBqYFPVBll0l8=
-9,-63,Y5pLAdJzjW9F+6IN74zKqd94VB4=,8h2PypIxMLu2Oxdqm7uZCtYITVA=
-10,-63,Y5pLAdJzjW9F+6IN74zKqd94VB4=,8h2PypIxMLu2Oxdqm7uZCtYITVA=
-11,-63,Y5pLAdJzjW9F+6IN74zKqd94VB4=,8h2PypIxMLu2Oxdqm7uZCtYITVA=
-12,-63,Y5pLAdJzjW9F+6IN74zKqd94VB4=,8h2PypIxMLu2Oxdqm7uZCtYITVA=
-13,-63,Y5pLAdJzjW9F+6IN74zKqd94VB4=,8h2PypIxMLu2Oxdqm7uZCtYITVA=
-14,-63,Y5pLAdJzjW9F+6IN74zKqd94VB4=,8h2PypIxMLu2Oxdqm7uZCtYITVA=
-15,-63,Y5pLAdJzjW9F+6IN74zKqd94VB4=,8h2PypIxMLu2Oxdqm7uZCtYITVA=
-7,-56,Y5pLAdJzjW9F+6IN74zKqd94VB4=,5BkNp8m26KorEqSNP48BniS2xvA=
-10,-57,Y5pLAdJzjW9F+6IN74zKqd94VB4=,8h2PypIxMLu2Oxdqm7uZCtYITVA=
-7,-53,Y5pLAdJzjW9F+6IN74zKqd94VB4=,5BkNp8m26KorEqSNP48BniS2xvA=
-14,-57,Y5pLAdJzjW9F+6IN74zKqd94VB4=,8h2PypIxMLu2Oxdqm7uZCtYITVA=
-9,-58,Y5pLAdJzjW9F+6IN74zKqd94VB4=,8h2PypIxMLu2Oxdqm7uZCtYITVA=
-10,-58,Y5pLAdJzjW9F+6IN74zKqd94VB4=,8h2PypIxMLu2Oxdqm7uZCtYITVA=
-6,-53,Y5pLAdJzjW9F+6IN74zKqd94VB4=,5BkNp8m26KorEqSNP48BniS2xvA=
-9,-59,Y5pLAdJzjW9F+6IN74zKqd94VB4=,8h2PypIxMLu2Oxdqm7uZCtYITVA=
-10,-59,Y5pLAdJzjW9F+6IN74zKqd94VB4=,8h2PypIxMLu2Oxdqm7uZCtYITVA=
-11,-59,Y5pLAdJzjW9F+6IN74zKqd94VB4=,8h2PypIxMLu2Oxdqm7uZCtYITVA=
-9,-60,Y5pLAdJzjW9F+6IN74zKqd94VB4=,8h2PypIxMLu2Oxdqm7uZCtYITVA=
-10,-60,Y5pLAdJzjW9F+6IN74zKqd94VB4=,8h2PypIxMLu2Oxdqm7uZCtYITVA=
-11,-60,Y5pLAdJzjW9F+6IN74zKqd94VB4=,8h2PypIxMLu2Oxdqm7uZCtYITVA=
-8,-59,Y5pLAdJzjW9F+6IN74zKqd94VB4=,f3r2HCqUbMQ3MzioNZFkbMCvUgI=
-5,-53,Y5pLAdJzjW9F+6IN74zKqd94VB4=,5BkNp8m26KorEqSNP48BniS2xvA=
-12,-56,Y5pLAdJzjW9F+6IN74zKqd94VB4=,zvyQNDCXD7jPR6tBqYFPVBll0l8=
-7,-54,Y5pLAdJzjW9F+6IN74zKqd94VB4=,5BkNp8m26KorEqSNP48BniS2xvA=
-8,-56,Y5pLAdJzjW9F+6IN74zKqd94VB4=,5BkNp8m26KorEqSNP48BniS2xvA=
-7,-55,Y5pLAdJzjW9F+6IN74zKqd94VB4=,5BkNp8m26KorEqSNP48BniS2xvA=
-6,-54,Y5pLAdJzjW9F+6IN74zKqd94VB4=,5BkNp8m26KorEqSNP48BniS2xvA=
-8,-63,Y5pLAdJzjW9F+6IN74zKqd94VB4=,f3r2HCqUbMQ3MzioNZFkbMCvUgI=
-9,-62,Y5pLAdJzjW9F+6IN74zKqd94VB4=,8h2PypIxMLu2Oxdqm7uZCtYITVA=
-11,-61,Y5pLAdJzjW9F+6IN74zKqd94VB4=,8h2PypIxMLu2Oxdqm7uZCtYITVA=
-10,-61,Y5pLAdJzjW9F+6IN74zKqd94VB4=,8h2PypIxMLu2Oxdqm7uZCtYITVA=
-8,-60,Y5pLAdJzjW9F+6IN74zKqd94VB4=,f3r2HCqUbMQ3MzioNZFkbMCvUgI=
-7,-60,Y5pLAdJzjW9F+6IN74zKqd94VB4=,f3r2HCqUbMQ3MzioNZFkbMCvUgI=
-9,-61,Y5pLAdJzjW9F+6IN74zKqd94VB4=,8h2PypIxMLu2Oxdqm7uZCtYITVA=
-9,-53,Y5pLAdJzjW9F+6IN74zKqd94VB4=,zvyQNDCXD7jPR6tBqYFPVBll0l8=
-12,-60,Y5pLAdJzjW9F+6IN74zKqd94VB4=,8h2PypIxMLu2Oxdqm7uZCtYITVA=
-8,-58,Y5pLAdJzjW9F+6IN74zKqd94VB4=,f3r2HCqUbMQ3MzioNZFkbMCvUgI=
-11,-56,Y5pLAdJzjW9F+6IN74zKqd94VB4=,zvyQNDCXD7jPR6tBqYFPVBll0l8=
-11,-53,Y5pLAdJzjW9F+6IN74zKqd94VB4=,zvyQNDCXD7jPR6tBqYFPVBll0l8=
-10,-56,Y5pLAdJzjW9F+6IN74zKqd94VB4=,zvyQNDCXD7jPR6tBqYFPVBll0l8=
-9,-54,Y5pLAdJzjW9F+6IN74zKqd94VB4=,zvyQNDCXD7jPR6tBqYFPVBll0l8=
-10,-53,Y5pLAdJzjW9F+6IN74zKqd94VB4=,zvyQNDCXD7jPR6tBqYFPVBll0l8=
-10,-54,Y5pLAdJzjW9F+6IN74zKqd94VB4=,zvyQNDCXD7jPR6tBqYFPVBll0l8=
-11,-55,Y5pLAdJzjW9F+6IN74zKqd94VB4=,zvyQNDCXD7jPR6tBqYFPVBll0l8=
-9,-56,Y5pLAdJzjW9F+6IN74zKqd94VB4=,zvyQNDCXD7jPR6tBqYFPVBll0l8=
-5,-60,Y5pLAdJzjW9F+6IN74zKqd94VB4=,f3r2HCqUbMQ3MzioNZFkbMCvUgI=
-6,-60,Y5pLAdJzjW9F+6IN74zKqd94VB4=,f3r2HCqUbMQ3MzioNZFkbMCvUgI=
-7,-59,Y5pLAdJzjW9F+6IN74zKqd94VB4=,f3r2HCqUbMQ3MzioNZFkbMCvUgI=
-10,-55,Y5pLAdJzjW9F+6IN74zKqd94VB4=,zvyQNDCXD7jPR6tBqYFPVBll0l8=
-5,-59,Y5pLAdJzjW9F+6IN74zKqd94VB4=,f3r2HCqUbMQ3MzioNZFkbMCvUgI=
-9,-55,Y5pLAdJzjW9F+6IN74zKqd94VB4=,zvyQNDCXD7jPR6tBqYFPVBll0l8=
-6,-57,Y5pLAdJzjW9F+6IN74zKqd94VB4=,f3r2HCqUbMQ3MzioNZFkbMCvUgI=
-7,-57,Y5pLAdJzjW9F+6IN74zKqd94VB4=,f3r2HCqUbMQ3MzioNZFkbMCvUgI=
-9,-57,Y5pLAdJzjW9F+6IN74zKqd94VB4=,8h2PypIxMLu2Oxdqm7uZCtYITVA=
-6,-58,Y5pLAdJzjW9F+6IN74zKqd94VB4=,f3r2HCqUbMQ3MzioNZFkbMCvUgI=
-7,-58,Y5pLAdJzjW9F+6IN74zKqd94VB4=,f3r2HCqUbMQ3MzioNZFkbMCvUgI=
-12,-59,Y5pLAdJzjW9F+6IN74zKqd94VB4=,8h2PypIxMLu2Oxdqm7uZCtYITVA=
-11,-57,Y5pLAdJzjW9F+6IN74zKqd94VB4=,8h2PypIxMLu2Oxdqm7uZCtYITVA=
-6,-59,Y5pLAdJzjW9F+6IN74zKqd94VB4=,f3r2HCqUbMQ3MzioNZFkbMCvUgI=
-11,-58,Y5pLAdJzjW9F+6IN74zKqd94VB4=,8h2PypIxMLu2Oxdqm7uZCtYITVA=
-12,-57,Y5pLAdJzjW9F+6IN74zKqd94VB4=,8h2PypIxMLu2Oxdqm7uZCtYITVA=
-8,-57,Y5pLAdJzjW9F+6IN74zKqd94VB4=,f3r2HCqUbMQ3MzioNZFkbMCvUgI=
-12,-58,Y5pLAdJzjW9F+6IN74zKqd94VB4=,8h2PypIxMLu2Oxdqm7uZCtYITVA=
-16,-55,Y5pLAdJzjW9F+6IN74zKqd94VB4=,zvyQNDCXD7jPR6tBqYFPVBll0l8=
-16,-54,Y5pLAdJzjW9F+6IN74zKqd94VB4=,zvyQNDCXD7jPR6tBqYFPVBll0l8=
-16,-53,Y5pLAdJzjW9F+6IN74zKqd94VB4=,zvyQNDCXD7jPR6tBqYFPVBll0l8=
-16,-52,Y5pLAdJzjW9F+6IN74zKqd94VB4=,zvyQNDCXD7jPR6tBqYFPVBll0l8=
-16,-51,Y5pLAdJzjW9F+6IN74zKqd94VB4=,zvyQNDCXD7jPR6tBqYFPVBll0l8=
-16,-56,Y5pLAdJzjW9F+6IN74zKqd94VB4=,zvyQNDCXD7jPR6tBqYFPVBll0l8=
-15,-56,Y5pLAdJzjW9F+6IN74zKqd94VB4=,zvyQNDCXD7jPR6tBqYFPVBll0l8=
-16,-60,Y5pLAdJzjW9F+6IN74zKqd94VB4=,8h2PypIxMLu2Oxdqm7uZCtYITVA=
-16,-58,Y5pLAdJzjW9F+6IN74zKqd94VB4=,8h2PypIxMLu2Oxdqm7uZCtYITVA=
-15,-57,Y5pLAdJzjW9F+6IN74zKqd94VB4=,8h2PypIxMLu2Oxdqm7uZCtYITVA=
-13,-57,Y5pLAdJzjW9F+6IN74zKqd94VB4=,8h2PypIxMLu2Oxdqm7uZCtYITVA=
-16,-59,Y5pLAdJzjW9F+6IN74zKqd94VB4=,8h2PypIxMLu2Oxdqm7uZCtYITVA=
-13,-60,Y5pLAdJzjW9F+6IN74zKqd94VB4=,8h2PypIxMLu2Oxdqm7uZCtYITVA=
-14,-58,Y5pLAdJzjW9F+6IN74zKqd94VB4=,8h2PypIxMLu2Oxdqm7uZCtYITVA=
-15,-58,Y5pLAdJzjW9F+6IN74zKqd94VB4=,8h2PypIxMLu2Oxdqm7uZCtYITVA=
-14,-60,Y5pLAdJzjW9F+6IN74zKqd94VB4=,8h2PypIxMLu2Oxdqm7uZCtYITVA=
-16,-57,Y5pLAdJzjW9F+6IN74zKqd94VB4=,8h2PypIxMLu2Oxdqm7uZCtYITVA=
-13,-58,Y5pLAdJzjW9F+6IN74zKqd94VB4=,8h2PypIxMLu2Oxdqm7uZCtYITVA=
-14,-59,Y5pLAdJzjW9F+6IN74zKqd94VB4=,8h2PypIxMLu2Oxdqm7uZCtYITVA=
-1,-54,Y5pLAdJzjW9F+6IN74zKqd94VB4=,5BkNp8m26KorEqSNP48BniS2xvA=
-13,-59,Y5pLAdJzjW9F+6IN74zKqd94VB4=,8h2PypIxMLu2Oxdqm7uZCtYITVA=
-4,-60,Y5pLAdJzjW9F+6IN74zKqd94VB4=,f3r2HCqUbMQ3MzioNZFkbMCvUgI=
-1,-51,Y5pLAdJzjW9F+6IN74zKqd94VB4=,5BkNp8m26KorEqSNP48BniS2xvA=
-4,-54,Y5pLAdJzjW9F+6IN74zKqd94VB4=,5BkNp8m26KorEqSNP48BniS2xvA=
-1,-56,Y5pLAdJzjW9F+6IN74zKqd94VB4=,5BkNp8m26KorEqSNP48BniS2xvA=
-1,-55,Y5pLAdJzjW9F+6IN74zKqd94VB4=,5BkNp8m26KorEqSNP48BniS2xvA=
-1,-57,Y5pLAdJzjW9F+6IN74zKqd94VB4=,f3r2HCqUbMQ3MzioNZFkbMCvUgI=
-1,-52,Y5pLAdJzjW9F+6IN74zKqd94VB4=,5BkNp8m26KorEqSNP48BniS2xvA=
-1,-53,Y5pLAdJzjW9F+6IN74zKqd94VB4=,5BkNp8m26KorEqSNP48BniS2xvA=
-15,-60,Y5pLAdJzjW9F+6IN74zKqd94VB4=,8h2PypIxMLu2Oxdqm7uZCtYITVA=
-9,-49,Y5pLAdJzjW9F+6IN74zKqd94VB4=,zvyQNDCXD7jPR6tBqYFPVBll0l8=
-8,-49,Y5pLAdJzjW9F+6IN74zKqd94VB4=,5BkNp8m26KorEqSNP48BniS2xvA=
-15,-59,Y5pLAdJzjW9F+6IN74zKqd94VB4=,8h2PypIxMLu2Oxdqm7uZCtYITVA=
-12,-52,Y5pLAdJzjW9F+6IN74zKqd94VB4=,zvyQNDCXD7jPR6tBqYFPVBll0l8=
-3,-49,Y5pLAdJzjW9F+6IN74zKqd94VB4=,5BkNp8m26KorEqSNP48BniS2xvA=
-11,-52,Y5pLAdJzjW9F+6IN74zKqd94VB4=,zvyQNDCXD7jPR6tBqYFPVBll0l8=
-10,-52,Y5pLAdJzjW9F+6IN74zKqd94VB4=,zvyQNDCXD7jPR6tBqYFPVBll0l8=
-4,-49,Y5pLAdJzjW9F+6IN74zKqd94VB4=,5BkNp8m26KorEqSNP48BniS2xvA=
-5,-49,Y5pLAdJzjW9F+6IN74zKqd94VB4=,5BkNp8m26KorEqSNP48BniS2xvA=
-6,-49,Y5pLAdJzjW9F+6IN74zKqd94VB4=,5BkNp8m26KorEqSNP48BniS2xvA=
-7,-49,Y5pLAdJzjW9F+6IN74zKqd94VB4=,5BkNp8m26KorEqSNP48BniS2xvA=
-16,-64,Y5pLAdJzjW9F+6IN74zKqd94VB4=,8h2PypIxMLu2Oxdqm7uZCtYITVA=
-12,-50,Y5pLAdJzjW9F+6IN74zKqd94VB4=,zvyQNDCXD7jPR6tBqYFPVBll0l8=
-10,-51,Y5pLAdJzjW9F+6IN74zKqd94VB4=,zvyQNDCXD7jPR6tBqYFPVBll0l8=
-5,-52,Y5pLAdJzjW9F+6IN74zKqd94VB4=,5BkNp8m26KorEqSNP48BniS2xvA=
-13,-62,Y5pLAdJzjW9F+6IN74zKqd94VB4=,8h2PypIxMLu2Oxdqm7uZCtYITVA=
-11,-51,Y5pLAdJzjW9F+6IN74zKqd94VB4=,zvyQNDCXD7jPR6tBqYFPVBll0l8=
-12,-51,Y5pLAdJzjW9F+6IN74zKqd94VB4=,zvyQNDCXD7jPR6tBqYFPVBll0l8=
-6,-52,Y5pLAdJzjW9F+6IN74zKqd94VB4=,5BkNp8m26KorEqSNP48BniS2xvA=
-15,-61,Y5pLAdJzjW9F+6IN74zKqd94VB4=,8h2PypIxMLu2Oxdqm7uZCtYITVA=
-7,-52,Y5pLAdJzjW9F+6IN74zKqd94VB4=,5BkNp8m26KorEqSNP48BniS2xvA=
-5,-51,Y5pLAdJzjW9F+6IN74zKqd94VB4=,5BkNp8m26KorEqSNP48BniS2xvA=
-13,-61,Y5pLAdJzjW9F+6IN74zKqd94VB4=,8h2PypIxMLu2Oxdqm7uZCtYITVA=
-11,-50,Y5pLAdJzjW9F+6IN74zKqd94VB4=,zvyQNDCXD7jPR6tBqYFPVBll0l8=
-14,-62,Y5pLAdJzjW9F+6IN74zKqd94VB4=,8h2PypIxMLu2Oxdqm7uZCtYITVA=
-8,-64,Y5pLAdJzjW9F+6IN74zKqd94VB4=,f3r2HCqUbMQ3MzioNZFkbMCvUgI=
-7,-64,Y5pLAdJzjW9F+6IN74zKqd94VB4=,f3r2HCqUbMQ3MzioNZFkbMCvUgI=
-12,-61,Y5pLAdJzjW9F+6IN74zKqd94VB4=,8h2PypIxMLu2Oxdqm7uZCtYITVA=
-2,-49,Y5pLAdJzjW9F+6IN74zKqd94VB4=,5BkNp8m26KorEqSNP48BniS2xvA=
-1,-50,Y5pLAdJzjW9F+6IN74zKqd94VB4=,5BkNp8m26KorEqSNP48BniS2xvA=
-4,-52,Y5pLAdJzjW9F+6IN74zKqd94VB4=,5BkNp8m26KorEqSNP48BniS2xvA=
-14,-61,Y5pLAdJzjW9F+6IN74zKqd94VB4=,8h2PypIxMLu2Oxdqm7uZCtYITVA=
-3,-52,Y5pLAdJzjW9F+6IN74zKqd94VB4=,5BkNp8m26KorEqSNP48BniS2xvA=
-1,-64,Y5pLAdJzjW9F+6IN74zKqd94VB4=,f3r2HCqUbMQ3MzioNZFkbMCvUgI=
-2,-64,Y5pLAdJzjW9F+6IN74zKqd94VB4=,f3r2HCqUbMQ3MzioNZFkbMCvUgI=
-1,-49,Y5pLAdJzjW9F+6IN74zKqd94VB4=,5BkNp8m26KorEqSNP48BniS2xvA=
-3,-64,Y5pLAdJzjW9F+6IN74zKqd94VB4=,f3r2HCqUbMQ3MzioNZFkbMCvUgI=
-2,-52,Y5pLAdJzjW9F+6IN74zKqd94VB4=,5BkNp8m26KorEqSNP48BniS2xvA=
-5,-64,Y5pLAdJzjW9F+6IN74zKqd94VB4=,f3r2HCqUbMQ3MzioNZFkbMCvUgI=
-3,-51,Y5pLAdJzjW9F+6IN74zKqd94VB4=,5BkNp8m26KorEqSNP48BniS2xvA=
-4,-64,Y5pLAdJzjW9F+6IN74zKqd94VB4=,f3r2HCqUbMQ3MzioNZFkbMCvUgI=
-9,-64,Y5pLAdJzjW9F+6IN74zKqd94VB4=,8h2PypIxMLu2Oxdqm7uZCtYITVA=
-6,-64,Y5pLAdJzjW9F+6IN74zKqd94VB4=,f3r2HCqUbMQ3MzioNZFkbMCvUgI=
-2,-50,Y5pLAdJzjW9F+6IN74zKqd94VB4=,5BkNp8m26KorEqSNP48BniS2xvA=
-6,-62,Y5pLAdJzjW9F+6IN74zKqd94VB4=,f3r2HCqUbMQ3MzioNZFkbMCvUgI=
-2,-51,Y5pLAdJzjW9F+6IN74zKqd94VB4=,5BkNp8m26KorEqSNP48BniS2xvA=
-5,-61,Y5pLAdJzjW9F+6IN74zKqd94VB4=,f3r2HCqUbMQ3MzioNZFkbMCvUgI=
-6,-61,Y5pLAdJzjW9F+6IN74zKqd94VB4=,f3r2HCqUbMQ3MzioNZFkbMCvUgI=
-4,-61,Y5pLAdJzjW9F+6IN74zKqd94VB4=,f3r2HCqUbMQ3MzioNZFkbMCvUgI=
-4,-63,Y5pLAdJzjW9F+6IN74zKqd94VB4=,f3r2HCqUbMQ3MzioNZFkbMCvUgI=
-6,-63,Y5pLAdJzjW9F+6IN74zKqd94VB4=,f3r2HCqUbMQ3MzioNZFkbMCvUgI=
-5,-62,Y5pLAdJzjW9F+6IN74zKqd94VB4=,f3r2HCqUbMQ3MzioNZFkbMCvUgI=
-16,-50,Y5pLAdJzjW9F+6IN74zKqd94VB4=,zvyQNDCXD7jPR6tBqYFPVBll0l8=
-4,-62,Y5pLAdJzjW9F+6IN74zKqd94VB4=,f3r2HCqUbMQ3MzioNZFkbMCvUgI=
-13,-49,Y5pLAdJzjW9F+6IN74zKqd94VB4=,zvyQNDCXD7jPR6tBqYFPVBll0l8=
-16,-49,Y5pLAdJzjW9F+6IN74zKqd94VB4=,zvyQNDCXD7jPR6tBqYFPVBll0l8=
-5,-63,Y5pLAdJzjW9F+6IN74zKqd94VB4=,f3r2HCqUbMQ3MzioNZFkbMCvUgI=
-14,-50,Y5pLAdJzjW9F+6IN74zKqd94VB4=,zvyQNDCXD7jPR6tBqYFPVBll0l8=
-13,-50,Y5pLAdJzjW9F+6IN74zKqd94VB4=,zvyQNDCXD7jPR6tBqYFPVBll0l8=
-13,-51,Y5pLAdJzjW9F+6IN74zKqd94VB4=,zvyQNDCXD7jPR6tBqYFPVBll0l8=
-15,-50,Y5pLAdJzjW9F+6IN74zKqd94VB4=,zvyQNDCXD7jPR6tBqYFPVBll0l8=
-14,-49,Y5pLAdJzjW9F+6IN74zKqd94VB4=,zvyQNDCXD7jPR6tBqYFPVBll0l8=
-15,-49,Y5pLAdJzjW9F+6IN74zKqd94VB4=,zvyQNDCXD7jPR6tBqYFPVBll0l8=
-31,-55,efOcgdEW8UMsm9iHp2e+bZdx49c=,MIQ2mjXx55/wUn141zOeWOoh/eQ=
-30,-55,efOcgdEW8UMsm9iHp2e+bZdx49c=,MIQ2mjXx55/wUn141zOeWOoh/eQ=
-29,-55,efOcgdEW8UMsm9iHp2e+bZdx49c=,MIQ2mjXx55/wUn141zOeWOoh/eQ=
-28,-55,efOcgdEW8UMsm9iHp2e+bZdx49c=,MIQ2mjXx55/wUn141zOeWOoh/eQ=
-31,-54,efOcgdEW8UMsm9iHp2e+bZdx49c=,MIQ2mjXx55/wUn141zOeWOoh/eQ=
-30,-54,efOcgdEW8UMsm9iHp2e+bZdx49c=,MIQ2mjXx55/wUn141zOeWOoh/eQ=
-29,-54,efOcgdEW8UMsm9iHp2e+bZdx49c=,MIQ2mjXx55/wUn141zOeWOoh/eQ=
-28,-54,efOcgdEW8UMsm9iHp2e+bZdx49c=,MIQ2mjXx55/wUn141zOeWOoh/eQ=
-27,-54,efOcgdEW8UMsm9iHp2e+bZdx49c=,MIQ2mjXx55/wUn141zOeWOoh/eQ=
-31,-53,efOcgdEW8UMsm9iHp2e+bZdx49c=,MIQ2mjXx55/wUn141zOeWOoh/eQ=
-26,-50,vSiLuFyeL9SJ67AVUi9ca+OcgLU=,MIQ2mjXx55/wUn141zOeWOoh/eQ=
-27,-50,vSiLuFyeL9SJ67AVUi9ca+OcgLU=,MIQ2mjXx55/wUn141zOeWOoh/eQ=
-28,-50,vSiLuFyeL9SJ67AVUi9ca+OcgLU=,MIQ2mjXx55/wUn141zOeWOoh/eQ=
-29,-50,vSiLuFyeL9SJ67AVUi9ca+OcgLU=,MIQ2mjXx55/wUn141zOeWOoh/eQ=
-30,-50,vSiLuFyeL9SJ67AVUi9ca+OcgLU=,MIQ2mjXx55/wUn141zOeWOoh/eQ=
-31,-50,vSiLuFyeL9SJ67AVUi9ca+OcgLU=,MIQ2mjXx55/wUn141zOeWOoh/eQ=
-26,-51,vSiLuFyeL9SJ67AVUi9ca+OcgLU=,MIQ2mjXx55/wUn141zOeWOoh/eQ=
-27,-51,vSiLuFyeL9SJ67AVUi9ca+OcgLU=,MIQ2mjXx55/wUn141zOeWOoh/eQ=
-28,-51,vSiLuFyeL9SJ67AVUi9ca+OcgLU=,MIQ2mjXx55/wUn141zOeWOoh/eQ=
-29,-51,vSiLuFyeL9SJ67AVUi9ca+OcgLU=,MIQ2mjXx55/wUn141zOeWOoh/eQ=
-30,-51,vSiLuFyeL9SJ67AVUi9ca+OcgLU=,MIQ2mjXx55/wUn141zOeWOoh/eQ=
-31,-51,vSiLuFyeL9SJ67AVUi9ca+OcgLU=,MIQ2mjXx55/wUn141zOeWOoh/eQ=
-26,-52,vSiLuFyeL9SJ67AVUi9ca+OcgLU=,MIQ2mjXx55/wUn141zOeWOoh/eQ=
-27,-52,vSiLuFyeL9SJ67AVUi9ca+OcgLU=,MIQ2mjXx55/wUn141zOeWOoh/eQ=
-28,-52,vSiLuFyeL9SJ67AVUi9ca+OcgLU=,MIQ2mjXx55/wUn141zOeWOoh/eQ=
-29,-52,vSiLuFyeL9SJ67AVUi9ca+OcgLU=,MIQ2mjXx55/wUn141zOeWOoh/eQ=
-30,-52,vSiLuFyeL9SJ67AVUi9ca+OcgLU=,MIQ2mjXx55/wUn141zOeWOoh/eQ=
-31,-52,vSiLuFyeL9SJ67AVUi9ca+OcgLU=,MIQ2mjXx55/wUn141zOeWOoh/eQ=
-26,-53,vSiLuFyeL9SJ67AVUi9ca+OcgLU=,MIQ2mjXx55/wUn141zOeWOoh/eQ=
-27,-53,vSiLuFyeL9SJ67AVUi9ca+OcgLU=,MIQ2mjXx55/wUn141zOeWOoh/eQ=
-28,-53,vSiLuFyeL9SJ67AVUi9ca+OcgLU=,MIQ2mjXx55/wUn141zOeWOoh/eQ=
-29,-53,vSiLuFyeL9SJ67AVUi9ca+OcgLU=,MIQ2mjXx55/wUn141zOeWOoh/eQ=
-30,-53,vSiLuFyeL9SJ67AVUi9ca+OcgLU=,MIQ2mjXx55/wUn141zOeWOoh/eQ=
-23,-62,vSiLuFyeL9SJ67AVUi9ca+OcgLU=,+LuKvTKl8fTU1vOegFZlGZFaNI8=
-22,-62,vSiLuFyeL9SJ67AVUi9ca+OcgLU=,+LuKvTKl8fTU1vOegFZlGZFaNI8=
-21,-62,vSiLuFyeL9SJ67AVUi9ca+OcgLU=,+LuKvTKl8fTU1vOegFZlGZFaNI8=
-20,-62,vSiLuFyeL9SJ67AVUi9ca+OcgLU=,+LuKvTKl8fTU1vOegFZlGZFaNI8=
-23,-63,vSiLuFyeL9SJ67AVUi9ca+OcgLU=,+LuKvTKl8fTU1vOegFZlGZFaNI8=
-19,-62,vSiLuFyeL9SJ67AVUi9ca+OcgLU=,+LuKvTKl8fTU1vOegFZlGZFaNI8=
-18,-62,vSiLuFyeL9SJ67AVUi9ca+OcgLU=,+LuKvTKl8fTU1vOegFZlGZFaNI8=
-22,-63,vSiLuFyeL9SJ67AVUi9ca+OcgLU=,+LuKvTKl8fTU1vOegFZlGZFaNI8=
-23,-61,vSiLuFyeL9SJ67AVUi9ca+OcgLU=,+LuKvTKl8fTU1vOegFZlGZFaNI8=
-20,-61,vSiLuFyeL9SJ67AVUi9ca+OcgLU=,+LuKvTKl8fTU1vOegFZlGZFaNI8=
-21,-63,vSiLuFyeL9SJ67AVUi9ca+OcgLU=,+LuKvTKl8fTU1vOegFZlGZFaNI8=
-19,-61,vSiLuFyeL9SJ67AVUi9ca+OcgLU=,+LuKvTKl8fTU1vOegFZlGZFaNI8=
-18,-61,vSiLuFyeL9SJ67AVUi9ca+OcgLU=,+LuKvTKl8fTU1vOegFZlGZFaNI8=
-20,-63,vSiLuFyeL9SJ67AVUi9ca+OcgLU=,+LuKvTKl8fTU1vOegFZlGZFaNI8=
-23,-59,vSiLuFyeL9SJ67AVUi9ca+OcgLU=,+LuKvTKl8fTU1vOegFZlGZFaNI8=
-23,-58,vSiLuFyeL9SJ67AVUi9ca+OcgLU=,+LuKvTKl8fTU1vOegFZlGZFaNI8=
-22,-58,vSiLuFyeL9SJ67AVUi9ca+OcgLU=,+LuKvTKl8fTU1vOegFZlGZFaNI8=
-21,-58,vSiLuFyeL9SJ67AVUi9ca+OcgLU=,+LuKvTKl8fTU1vOegFZlGZFaNI8=
-19,-63,vSiLuFyeL9SJ67AVUi9ca+OcgLU=,+LuKvTKl8fTU1vOegFZlGZFaNI8=
-18,-63,vSiLuFyeL9SJ67AVUi9ca+OcgLU=,+LuKvTKl8fTU1vOegFZlGZFaNI8=
-23,-64,vSiLuFyeL9SJ67AVUi9ca+OcgLU=,+LuKvTKl8fTU1vOegFZlGZFaNI8=
-22,-64,vSiLuFyeL9SJ67AVUi9ca+OcgLU=,+LuKvTKl8fTU1vOegFZlGZFaNI8=
-21,-64,vSiLuFyeL9SJ67AVUi9ca+OcgLU=,+LuKvTKl8fTU1vOegFZlGZFaNI8=
-20,-64,vSiLuFyeL9SJ67AVUi9ca+OcgLU=,+LuKvTKl8fTU1vOegFZlGZFaNI8=
-19,-64,vSiLuFyeL9SJ67AVUi9ca+OcgLU=,+LuKvTKl8fTU1vOegFZlGZFaNI8=
-18,-64,vSiLuFyeL9SJ67AVUi9ca+OcgLU=,+LuKvTKl8fTU1vOegFZlGZFaNI8=
-20,-52,vSiLuFyeL9SJ67AVUi9ca+OcgLU=,NChoaVMEyrxEG26s7BHKBOR+QcI=
-18,-56,vSiLuFyeL9SJ67AVUi9ca+OcgLU=,NChoaVMEyrxEG26s7BHKBOR+QcI=
-19,-56,vSiLuFyeL9SJ67AVUi9ca+OcgLU=,NChoaVMEyrxEG26s7BHKBOR+QcI=
-20,-56,vSiLuFyeL9SJ67AVUi9ca+OcgLU=,NChoaVMEyrxEG26s7BHKBOR+QcI=
-21,-56,vSiLuFyeL9SJ67AVUi9ca+OcgLU=,NChoaVMEyrxEG26s7BHKBOR+QcI=
-18,-55,vSiLuFyeL9SJ67AVUi9ca+OcgLU=,NChoaVMEyrxEG26s7BHKBOR+QcI=
-25,-50,vSiLuFyeL9SJ67AVUi9ca+OcgLU=,MIQ2mjXx55/wUn141zOeWOoh/eQ=
-21,-52,vSiLuFyeL9SJ67AVUi9ca+OcgLU=,NChoaVMEyrxEG26s7BHKBOR+QcI=
-18,-54,vSiLuFyeL9SJ67AVUi9ca+OcgLU=,NChoaVMEyrxEG26s7BHKBOR+QcI=
-19,-54,vSiLuFyeL9SJ67AVUi9ca+OcgLU=,NChoaVMEyrxEG26s7BHKBOR+QcI=
-19,-55,vSiLuFyeL9SJ67AVUi9ca+OcgLU=,NChoaVMEyrxEG26s7BHKBOR+QcI=
-23,-56,vSiLuFyeL9SJ67AVUi9ca+OcgLU=,NChoaVMEyrxEG26s7BHKBOR+QcI=
-20,-54,vSiLuFyeL9SJ67AVUi9ca+OcgLU=,NChoaVMEyrxEG26s7BHKBOR+QcI=
-20,-55,vSiLuFyeL9SJ67AVUi9ca+OcgLU=,NChoaVMEyrxEG26s7BHKBOR+QcI=
-24,-53,vSiLuFyeL9SJ67AVUi9ca+OcgLU=,NChoaVMEyrxEG26s7BHKBOR+QcI=
-24,-52,vSiLuFyeL9SJ67AVUi9ca+OcgLU=,NChoaVMEyrxEG26s7BHKBOR+QcI=
-18,-53,vSiLuFyeL9SJ67AVUi9ca+OcgLU=,NChoaVMEyrxEG26s7BHKBOR+QcI=
-19,-53,vSiLuFyeL9SJ67AVUi9ca+OcgLU=,NChoaVMEyrxEG26s7BHKBOR+QcI=
-21,-55,vSiLuFyeL9SJ67AVUi9ca+OcgLU=,NChoaVMEyrxEG26s7BHKBOR+QcI=
-20,-53,vSiLuFyeL9SJ67AVUi9ca+OcgLU=,NChoaVMEyrxEG26s7BHKBOR+QcI=
-22,-55,vSiLuFyeL9SJ67AVUi9ca+OcgLU=,NChoaVMEyrxEG26s7BHKBOR+QcI=
-25,-51,vSiLuFyeL9SJ67AVUi9ca+OcgLU=,MIQ2mjXx55/wUn141zOeWOoh/eQ=
-23,-55,vSiLuFyeL9SJ67AVUi9ca+OcgLU=,NChoaVMEyrxEG26s7BHKBOR+QcI=
-18,-57,vSiLuFyeL9SJ67AVUi9ca+OcgLU=,+LuKvTKl8fTU1vOegFZlGZFaNI8=
-21,-54,vSiLuFyeL9SJ67AVUi9ca+OcgLU=,NChoaVMEyrxEG26s7BHKBOR+QcI=
-19,-57,vSiLuFyeL9SJ67AVUi9ca+OcgLU=,+LuKvTKl8fTU1vOegFZlGZFaNI8=
-25,-52,vSiLuFyeL9SJ67AVUi9ca+OcgLU=,MIQ2mjXx55/wUn141zOeWOoh/eQ=
-20,-57,vSiLuFyeL9SJ67AVUi9ca+OcgLU=,+LuKvTKl8fTU1vOegFZlGZFaNI8=
-21,-57,vSiLuFyeL9SJ67AVUi9ca+OcgLU=,+LuKvTKl8fTU1vOegFZlGZFaNI8=
-22,-57,vSiLuFyeL9SJ67AVUi9ca+OcgLU=,+LuKvTKl8fTU1vOegFZlGZFaNI8=
-23,-57,vSiLuFyeL9SJ67AVUi9ca+OcgLU=,+LuKvTKl8fTU1vOegFZlGZFaNI8=
-22,-54,vSiLuFyeL9SJ67AVUi9ca+OcgLU=,NChoaVMEyrxEG26s7BHKBOR+QcI=
-21,-53,vSiLuFyeL9SJ67AVUi9ca+OcgLU=,NChoaVMEyrxEG26s7BHKBOR+QcI=
-25,-53,vSiLuFyeL9SJ67AVUi9ca+OcgLU=,MIQ2mjXx55/wUn141zOeWOoh/eQ=
-22,-50,vSiLuFyeL9SJ67AVUi9ca+OcgLU=,NChoaVMEyrxEG26s7BHKBOR+QcI=
-23,-51,vSiLuFyeL9SJ67AVUi9ca+OcgLU=,NChoaVMEyrxEG26s7BHKBOR+QcI=
-22,-56,vSiLuFyeL9SJ67AVUi9ca+OcgLU=,NChoaVMEyrxEG26s7BHKBOR+QcI=
-24,-51,vSiLuFyeL9SJ67AVUi9ca+OcgLU=,NChoaVMEyrxEG26s7BHKBOR+QcI=
-23,-50,vSiLuFyeL9SJ67AVUi9ca+OcgLU=,NChoaVMEyrxEG26s7BHKBOR+QcI=
-24,-50,vSiLuFyeL9SJ67AVUi9ca+OcgLU=,NChoaVMEyrxEG26s7BHKBOR+QcI=
-17,-52,vSiLuFyeL9SJ67AVUi9ca+OcgLU=,NChoaVMEyrxEG26s7BHKBOR+QcI=
-17,-53,vSiLuFyeL9SJ67AVUi9ca+OcgLU=,NChoaVMEyrxEG26s7BHKBOR+QcI=
-17,-55,vSiLuFyeL9SJ67AVUi9ca+OcgLU=,NChoaVMEyrxEG26s7BHKBOR+QcI=
-17,-54,vSiLuFyeL9SJ67AVUi9ca+OcgLU=,NChoaVMEyrxEG26s7BHKBOR+QcI=
-25,-63,vSiLuFyeL9SJ67AVUi9ca+OcgLU=,IwCPliSmrmtHiYV4rVs3VAbbGkw=
-25,-56,vSiLuFyeL9SJ67AVUi9ca+OcgLU=,MIQ2mjXx55/wUn141zOeWOoh/eQ=
-29,-56,vSiLuFyeL9SJ67AVUi9ca+OcgLU=,MIQ2mjXx55/wUn141zOeWOoh/eQ=
-30,-56,vSiLuFyeL9SJ67AVUi9ca+OcgLU=,MIQ2mjXx55/wUn141zOeWOoh/eQ=
-27,-63,vSiLuFyeL9SJ67AVUi9ca+OcgLU=,IwCPliSmrmtHiYV4rVs3VAbbGkw=
-31,-56,vSiLuFyeL9SJ67AVUi9ca+OcgLU=,MIQ2mjXx55/wUn141zOeWOoh/eQ=
-25,-57,vSiLuFyeL9SJ67AVUi9ca+OcgLU=,IwCPliSmrmtHiYV4rVs3VAbbGkw=
-30,-57,vSiLuFyeL9SJ67AVUi9ca+OcgLU=,IwCPliSmrmtHiYV4rVs3VAbbGkw=
-31,-57,vSiLuFyeL9SJ67AVUi9ca+OcgLU=,IwCPliSmrmtHiYV4rVs3VAbbGkw=
-25,-58,vSiLuFyeL9SJ67AVUi9ca+OcgLU=,IwCPliSmrmtHiYV4rVs3VAbbGkw=
-26,-58,vSiLuFyeL9SJ67AVUi9ca+OcgLU=,IwCPliSmrmtHiYV4rVs3VAbbGkw=
-30,-58,vSiLuFyeL9SJ67AVUi9ca+OcgLU=,IwCPliSmrmtHiYV4rVs3VAbbGkw=
-31,-58,vSiLuFyeL9SJ67AVUi9ca+OcgLU=,IwCPliSmrmtHiYV4rVs3VAbbGkw=
-25,-59,vSiLuFyeL9SJ67AVUi9ca+OcgLU=,IwCPliSmrmtHiYV4rVs3VAbbGkw=
-24,-56,vSiLuFyeL9SJ67AVUi9ca+OcgLU=,NChoaVMEyrxEG26s7BHKBOR+QcI=
-26,-59,vSiLuFyeL9SJ67AVUi9ca+OcgLU=,IwCPliSmrmtHiYV4rVs3VAbbGkw=
-27,-59,vSiLuFyeL9SJ67AVUi9ca+OcgLU=,IwCPliSmrmtHiYV4rVs3VAbbGkw=
-24,-57,vSiLuFyeL9SJ67AVUi9ca+OcgLU=,+LuKvTKl8fTU1vOegFZlGZFaNI8=
-25,-60,vSiLuFyeL9SJ67AVUi9ca+OcgLU=,IwCPliSmrmtHiYV4rVs3VAbbGkw=
-26,-60,vSiLuFyeL9SJ67AVUi9ca+OcgLU=,IwCPliSmrmtHiYV4rVs3VAbbGkw=
-27,-55,vSiLuFyeL9SJ67AVUi9ca+OcgLU=,MIQ2mjXx55/wUn141zOeWOoh/eQ=
-28,-56,vSiLuFyeL9SJ67AVUi9ca+OcgLU=,MIQ2mjXx55/wUn141zOeWOoh/eQ=
-26,-54,vSiLuFyeL9SJ67AVUi9ca+OcgLU=,MIQ2mjXx55/wUn141zOeWOoh/eQ=
-27,-56,vSiLuFyeL9SJ67AVUi9ca+OcgLU=,MIQ2mjXx55/wUn141zOeWOoh/eQ=
-26,-55,vSiLuFyeL9SJ67AVUi9ca+OcgLU=,MIQ2mjXx55/wUn141zOeWOoh/eQ=
-25,-55,vSiLuFyeL9SJ67AVUi9ca+OcgLU=,MIQ2mjXx55/wUn141zOeWOoh/eQ=
-27,-60,vSiLuFyeL9SJ67AVUi9ca+OcgLU=,IwCPliSmrmtHiYV4rVs3VAbbGkw=
-24,-58,vSiLuFyeL9SJ67AVUi9ca+OcgLU=,+LuKvTKl8fTU1vOegFZlGZFaNI8=
-28,-60,vSiLuFyeL9SJ67AVUi9ca+OcgLU=,IwCPliSmrmtHiYV4rVs3VAbbGkw=
-26,-56,vSiLuFyeL9SJ67AVUi9ca+OcgLU=,MIQ2mjXx55/wUn141zOeWOoh/eQ=
-25,-54,vSiLuFyeL9SJ67AVUi9ca+OcgLU=,MIQ2mjXx55/wUn141zOeWOoh/eQ=
-24,-59,vSiLuFyeL9SJ67AVUi9ca+OcgLU=,+LuKvTKl8fTU1vOegFZlGZFaNI8=
-24,-60,vSiLuFyeL9SJ67AVUi9ca+OcgLU=,+LuKvTKl8fTU1vOegFZlGZFaNI8=
-26,-61,vSiLuFyeL9SJ67AVUi9ca+OcgLU=,IwCPliSmrmtHiYV4rVs3VAbbGkw=
-23,-60,vSiLuFyeL9SJ67AVUi9ca+OcgLU=,+LuKvTKl8fTU1vOegFZlGZFaNI8=
-28,-59,vSiLuFyeL9SJ67AVUi9ca+OcgLU=,IwCPliSmrmtHiYV4rVs3VAbbGkw=
-23,-54,vSiLuFyeL9SJ67AVUi9ca+OcgLU=,NChoaVMEyrxEG26s7BHKBOR+QcI=
-22,-59,vSiLuFyeL9SJ67AVUi9ca+OcgLU=,+LuKvTKl8fTU1vOegFZlGZFaNI8=
-26,-62,vSiLuFyeL9SJ67AVUi9ca+OcgLU=,IwCPliSmrmtHiYV4rVs3VAbbGkw=
-24,-64,vSiLuFyeL9SJ67AVUi9ca+OcgLU=,+LuKvTKl8fTU1vOegFZlGZFaNI8=
-22,-60,vSiLuFyeL9SJ67AVUi9ca+OcgLU=,+LuKvTKl8fTU1vOegFZlGZFaNI8=
-26,-57,vSiLuFyeL9SJ67AVUi9ca+OcgLU=,IwCPliSmrmtHiYV4rVs3VAbbGkw=
-21,-60,vSiLuFyeL9SJ67AVUi9ca+OcgLU=,+LuKvTKl8fTU1vOegFZlGZFaNI8=
-24,-61,vSiLuFyeL9SJ67AVUi9ca+OcgLU=,+LuKvTKl8fTU1vOegFZlGZFaNI8=
-24,-63,vSiLuFyeL9SJ67AVUi9ca+OcgLU=,+LuKvTKl8fTU1vOegFZlGZFaNI8=
-21,-59,vSiLuFyeL9SJ67AVUi9ca+OcgLU=,+LuKvTKl8fTU1vOegFZlGZFaNI8=
-24,-55,vSiLuFyeL9SJ67AVUi9ca+OcgLU=,NChoaVMEyrxEG26s7BHKBOR+QcI=
-28,-58,vSiLuFyeL9SJ67AVUi9ca+OcgLU=,IwCPliSmrmtHiYV4rVs3VAbbGkw=
-24,-62,vSiLuFyeL9SJ67AVUi9ca+OcgLU=,+LuKvTKl8fTU1vOegFZlGZFaNI8=
-27,-58,vSiLuFyeL9SJ67AVUi9ca+OcgLU=,IwCPliSmrmtHiYV4rVs3VAbbGkw=
-21,-61,vSiLuFyeL9SJ67AVUi9ca+OcgLU=,+LuKvTKl8fTU1vOegFZlGZFaNI8=
-22,-61,vSiLuFyeL9SJ67AVUi9ca+OcgLU=,+LuKvTKl8fTU1vOegFZlGZFaNI8=
-25,-64,vSiLuFyeL9SJ67AVUi9ca+OcgLU=,IwCPliSmrmtHiYV4rVs3VAbbGkw=
-26,-64,vSiLuFyeL9SJ67AVUi9ca+OcgLU=,IwCPliSmrmtHiYV4rVs3VAbbGkw=
-27,-57,vSiLuFyeL9SJ67AVUi9ca+OcgLU=,IwCPliSmrmtHiYV4rVs3VAbbGkw=
-27,-64,vSiLuFyeL9SJ67AVUi9ca+OcgLU=,IwCPliSmrmtHiYV4rVs3VAbbGkw=
-28,-64,vSiLuFyeL9SJ67AVUi9ca+OcgLU=,IwCPliSmrmtHiYV4rVs3VAbbGkw=
-29,-64,vSiLuFyeL9SJ67AVUi9ca+OcgLU=,IwCPliSmrmtHiYV4rVs3VAbbGkw=
-30,-64,vSiLuFyeL9SJ67AVUi9ca+OcgLU=,IwCPliSmrmtHiYV4rVs3VAbbGkw=
-28,-62,vSiLuFyeL9SJ67AVUi9ca+OcgLU=,IwCPliSmrmtHiYV4rVs3VAbbGkw=
-23,-53,vSiLuFyeL9SJ67AVUi9ca+OcgLU=,NChoaVMEyrxEG26s7BHKBOR+QcI=
-26,-63,vSiLuFyeL9SJ67AVUi9ca+OcgLU=,IwCPliSmrmtHiYV4rVs3VAbbGkw=
-25,-61,vSiLuFyeL9SJ67AVUi9ca+OcgLU=,IwCPliSmrmtHiYV4rVs3VAbbGkw=
-27,-62,vSiLuFyeL9SJ67AVUi9ca+OcgLU=,IwCPliSmrmtHiYV4rVs3VAbbGkw=
-28,-63,vSiLuFyeL9SJ67AVUi9ca+OcgLU=,IwCPliSmrmtHiYV4rVs3VAbbGkw=
-25,-62,vSiLuFyeL9SJ67AVUi9ca+OcgLU=,IwCPliSmrmtHiYV4rVs3VAbbGkw=
-27,-61,vSiLuFyeL9SJ67AVUi9ca+OcgLU=,IwCPliSmrmtHiYV4rVs3VAbbGkw=
-28,-61,vSiLuFyeL9SJ67AVUi9ca+OcgLU=,IwCPliSmrmtHiYV4rVs3VAbbGkw=
-22,-53,vSiLuFyeL9SJ67AVUi9ca+OcgLU=,NChoaVMEyrxEG26s7BHKBOR+QcI=
-28,-57,vSiLuFyeL9SJ67AVUi9ca+OcgLU=,IwCPliSmrmtHiYV4rVs3VAbbGkw=
-24,-54,vSiLuFyeL9SJ67AVUi9ca+OcgLU=,NChoaVMEyrxEG26s7BHKBOR+QcI=
-32,-55,vSiLuFyeL9SJ67AVUi9ca+OcgLU=,MIQ2mjXx55/wUn141zOeWOoh/eQ=
-32,-54,vSiLuFyeL9SJ67AVUi9ca+OcgLU=,MIQ2mjXx55/wUn141zOeWOoh/eQ=
-32,-53,vSiLuFyeL9SJ67AVUi9ca+OcgLU=,MIQ2mjXx55/wUn141zOeWOoh/eQ=
-32,-52,vSiLuFyeL9SJ67AVUi9ca+OcgLU=,MIQ2mjXx55/wUn141zOeWOoh/eQ=
-32,-51,vSiLuFyeL9SJ67AVUi9ca+OcgLU=,MIQ2mjXx55/wUn141zOeWOoh/eQ=
-32,-50,vSiLuFyeL9SJ67AVUi9ca+OcgLU=,MIQ2mjXx55/wUn141zOeWOoh/eQ=
-17,-62,vSiLuFyeL9SJ67AVUi9ca+OcgLU=,+LuKvTKl8fTU1vOegFZlGZFaNI8=
-17,-56,vSiLuFyeL9SJ67AVUi9ca+OcgLU=,NChoaVMEyrxEG26s7BHKBOR+QcI=
-17,-61,vSiLuFyeL9SJ67AVUi9ca+OcgLU=,+LuKvTKl8fTU1vOegFZlGZFaNI8=
-17,-63,vSiLuFyeL9SJ67AVUi9ca+OcgLU=,+LuKvTKl8fTU1vOegFZlGZFaNI8=
-17,-59,vSiLuFyeL9SJ67AVUi9ca+OcgLU=,+LuKvTKl8fTU1vOegFZlGZFaNI8=
-17,-60,vSiLuFyeL9SJ67AVUi9ca+OcgLU=,+LuKvTKl8fTU1vOegFZlGZFaNI8=
-17,-64,vSiLuFyeL9SJ67AVUi9ca+OcgLU=,+LuKvTKl8fTU1vOegFZlGZFaNI8=
-19,-60,vSiLuFyeL9SJ67AVUi9ca+OcgLU=,+LuKvTKl8fTU1vOegFZlGZFaNI8=
-17,-57,vSiLuFyeL9SJ67AVUi9ca+OcgLU=,+LuKvTKl8fTU1vOegFZlGZFaNI8=
-18,-60,vSiLuFyeL9SJ67AVUi9ca+OcgLU=,+LuKvTKl8fTU1vOegFZlGZFaNI8=
-20,-59,vSiLuFyeL9SJ67AVUi9ca+OcgLU=,+LuKvTKl8fTU1vOegFZlGZFaNI8=
-17,-58,vSiLuFyeL9SJ67AVUi9ca+OcgLU=,+LuKvTKl8fTU1vOegFZlGZFaNI8=
-18,-58,vSiLuFyeL9SJ67AVUi9ca+OcgLU=,+LuKvTKl8fTU1vOegFZlGZFaNI8=
-20,-58,vSiLuFyeL9SJ67AVUi9ca+OcgLU=,+LuKvTKl8fTU1vOegFZlGZFaNI8=
-18,-59,vSiLuFyeL9SJ67AVUi9ca+OcgLU=,+LuKvTKl8fTU1vOegFZlGZFaNI8=
-19,-59,vSiLuFyeL9SJ67AVUi9ca+OcgLU=,+LuKvTKl8fTU1vOegFZlGZFaNI8=
-32,-56,vSiLuFyeL9SJ67AVUi9ca+OcgLU=,MIQ2mjXx55/wUn141zOeWOoh/eQ=
-32,-57,vSiLuFyeL9SJ67AVUi9ca+OcgLU=,IwCPliSmrmtHiYV4rVs3VAbbGkw=
-32,-58,vSiLuFyeL9SJ67AVUi9ca+OcgLU=,IwCPliSmrmtHiYV4rVs3VAbbGkw=
-32,-59,vSiLuFyeL9SJ67AVUi9ca+OcgLU=,IwCPliSmrmtHiYV4rVs3VAbbGkw=
-19,-58,vSiLuFyeL9SJ67AVUi9ca+OcgLU=,+LuKvTKl8fTU1vOegFZlGZFaNI8=
-29,-57,vSiLuFyeL9SJ67AVUi9ca+OcgLU=,IwCPliSmrmtHiYV4rVs3VAbbGkw=
-29,-58,vSiLuFyeL9SJ67AVUi9ca+OcgLU=,IwCPliSmrmtHiYV4rVs3VAbbGkw=
-31,-59,vSiLuFyeL9SJ67AVUi9ca+OcgLU=,IwCPliSmrmtHiYV4rVs3VAbbGkw=
-30,-59,vSiLuFyeL9SJ67AVUi9ca+OcgLU=,IwCPliSmrmtHiYV4rVs3VAbbGkw=
-29,-60,vSiLuFyeL9SJ67AVUi9ca+OcgLU=,IwCPliSmrmtHiYV4rVs3VAbbGkw=
-32,-60,vSiLuFyeL9SJ67AVUi9ca+OcgLU=,IwCPliSmrmtHiYV4rVs3VAbbGkw=
-20,-60,vSiLuFyeL9SJ67AVUi9ca+OcgLU=,+LuKvTKl8fTU1vOegFZlGZFaNI8=
-29,-59,vSiLuFyeL9SJ67AVUi9ca+OcgLU=,IwCPliSmrmtHiYV4rVs3VAbbGkw=
-31,-60,vSiLuFyeL9SJ67AVUi9ca+OcgLU=,IwCPliSmrmtHiYV4rVs3VAbbGkw=
-30,-60,vSiLuFyeL9SJ67AVUi9ca+OcgLU=,IwCPliSmrmtHiYV4rVs3VAbbGkw=
-32,-63,vSiLuFyeL9SJ67AVUi9ca+OcgLU=,IwCPliSmrmtHiYV4rVs3VAbbGkw=
-29,-62,vSiLuFyeL9SJ67AVUi9ca+OcgLU=,IwCPliSmrmtHiYV4rVs3VAbbGkw=
-31,-62,vSiLuFyeL9SJ67AVUi9ca+OcgLU=,IwCPliSmrmtHiYV4rVs3VAbbGkw=
-29,-63,vSiLuFyeL9SJ67AVUi9ca+OcgLU=,IwCPliSmrmtHiYV4rVs3VAbbGkw=
-30,-63,vSiLuFyeL9SJ67AVUi9ca+OcgLU=,IwCPliSmrmtHiYV4rVs3VAbbGkw=
-32,-64,vSiLuFyeL9SJ67AVUi9ca+OcgLU=,IwCPliSmrmtHiYV4rVs3VAbbGkw=
-30,-61,vSiLuFyeL9SJ67AVUi9ca+OcgLU=,IwCPliSmrmtHiYV4rVs3VAbbGkw=
-31,-63,vSiLuFyeL9SJ67AVUi9ca+OcgLU=,IwCPliSmrmtHiYV4rVs3VAbbGkw=
-29,-61,vSiLuFyeL9SJ67AVUi9ca+OcgLU=,IwCPliSmrmtHiYV4rVs3VAbbGkw=
-31,-64,vSiLuFyeL9SJ67AVUi9ca+OcgLU=,IwCPliSmrmtHiYV4rVs3VAbbGkw=
-30,-62,vSiLuFyeL9SJ67AVUi9ca+OcgLU=,IwCPliSmrmtHiYV4rVs3VAbbGkw=
-31,-61,vSiLuFyeL9SJ67AVUi9ca+OcgLU=,IwCPliSmrmtHiYV4rVs3VAbbGkw=
-32,-62,vSiLuFyeL9SJ67AVUi9ca+OcgLU=,IwCPliSmrmtHiYV4rVs3VAbbGkw=
-32,-61,vSiLuFyeL9SJ67AVUi9ca+OcgLU=,IwCPliSmrmtHiYV4rVs3VAbbGkw=
-26,-49,vSiLuFyeL9SJ67AVUi9ca+OcgLU=,MIQ2mjXx55/wUn141zOeWOoh/eQ=
-25,-49,vSiLuFyeL9SJ67AVUi9ca+OcgLU=,MIQ2mjXx55/wUn141zOeWOoh/eQ=
-22,-49,vSiLuFyeL9SJ67AVUi9ca+OcgLU=,NChoaVMEyrxEG26s7BHKBOR+QcI=
-23,-49,vSiLuFyeL9SJ67AVUi9ca+OcgLU=,NChoaVMEyrxEG26s7BHKBOR+QcI=
-24,-49,vSiLuFyeL9SJ67AVUi9ca+OcgLU=,NChoaVMEyrxEG26s7BHKBOR+QcI=
-21,-49,vSiLuFyeL9SJ67AVUi9ca+OcgLU=,NChoaVMEyrxEG26s7BHKBOR+QcI=
-27,-49,vSiLuFyeL9SJ67AVUi9ca+OcgLU=,MIQ2mjXx55/wUn141zOeWOoh/eQ=
-28,-49,vSiLuFyeL9SJ67AVUi9ca+OcgLU=,MIQ2mjXx55/wUn141zOeWOoh/eQ=
-20,-49,vSiLuFyeL9SJ67AVUi9ca+OcgLU=,NChoaVMEyrxEG26s7BHKBOR+QcI=
-22,-52,vSiLuFyeL9SJ67AVUi9ca+OcgLU=,NChoaVMEyrxEG26s7BHKBOR+QcI=
-19,-51,vSiLuFyeL9SJ67AVUi9ca+OcgLU=,NChoaVMEyrxEG26s7BHKBOR+QcI=
-19,-52,vSiLuFyeL9SJ67AVUi9ca+OcgLU=,NChoaVMEyrxEG26s7BHKBOR+QcI=
-18,-50,vSiLuFyeL9SJ67AVUi9ca+OcgLU=,NChoaVMEyrxEG26s7BHKBOR+QcI=
-23,-52,vSiLuFyeL9SJ67AVUi9ca+OcgLU=,NChoaVMEyrxEG26s7BHKBOR+QcI=
-22,-51,vSiLuFyeL9SJ67AVUi9ca+OcgLU=,NChoaVMEyrxEG26s7BHKBOR+QcI=
-20,-50,vSiLuFyeL9SJ67AVUi9ca+OcgLU=,NChoaVMEyrxEG26s7BHKBOR+QcI=
-19,-49,vSiLuFyeL9SJ67AVUi9ca+OcgLU=,NChoaVMEyrxEG26s7BHKBOR+QcI=
-21,-50,vSiLuFyeL9SJ67AVUi9ca+OcgLU=,NChoaVMEyrxEG26s7BHKBOR+QcI=
-18,-49,vSiLuFyeL9SJ67AVUi9ca+OcgLU=,NChoaVMEyrxEG26s7BHKBOR+QcI=
-17,-49,vSiLuFyeL9SJ67AVUi9ca+OcgLU=,NChoaVMEyrxEG26s7BHKBOR+QcI=
-17,-51,vSiLuFyeL9SJ67AVUi9ca+OcgLU=,NChoaVMEyrxEG26s7BHKBOR+QcI=
-18,-52,vSiLuFyeL9SJ67AVUi9ca+OcgLU=,NChoaVMEyrxEG26s7BHKBOR+QcI=
-18,-51,vSiLuFyeL9SJ67AVUi9ca+OcgLU=,NChoaVMEyrxEG26s7BHKBOR+QcI=
-21,-51,vSiLuFyeL9SJ67AVUi9ca+OcgLU=,NChoaVMEyrxEG26s7BHKBOR+QcI=
-17,-50,vSiLuFyeL9SJ67AVUi9ca+OcgLU=,NChoaVMEyrxEG26s7BHKBOR+QcI=
-20,-51,vSiLuFyeL9SJ67AVUi9ca+OcgLU=,NChoaVMEyrxEG26s7BHKBOR+QcI=
-19,-50,vSiLuFyeL9SJ67AVUi9ca+OcgLU=,NChoaVMEyrxEG26s7BHKBOR+QcI=
-32,-49,vSiLuFyeL9SJ67AVUi9ca+OcgLU=,MIQ2mjXx55/wUn141zOeWOoh/eQ=
-31,-49,vSiLuFyeL9SJ67AVUi9ca+OcgLU=,MIQ2mjXx55/wUn141zOeWOoh/eQ=
-30,-49,vSiLuFyeL9SJ67AVUi9ca+OcgLU=,MIQ2mjXx55/wUn141zOeWOoh/eQ=
-29,-49,vSiLuFyeL9SJ67AVUi9ca+OcgLU=,MIQ2mjXx55/wUn141zOeWOoh/eQ=
-23,-44,FcmtA3I+9NMIdEKavKYk6fE/bVs=,qSwLecXhC+vF5GyHUDrddzwQTjE=
-22,-44,FcmtA3I+9NMIdEKavKYk6fE/bVs=,qSwLecXhC+vF5GyHUDrddzwQTjE=
-21,-44,FcmtA3I+9NMIdEKavKYk6fE/bVs=,qSwLecXhC+vF5GyHUDrddzwQTjE=
-20,-44,FcmtA3I+9NMIdEKavKYk6fE/bVs=,qSwLecXhC+vF5GyHUDrddzwQTjE=
-21,-38,FcmtA3I+9NMIdEKavKYk6fE/bVs=,Kw1lXnfR+1u4lCQGOUjDHG/QBn8=
-20,-38,FcmtA3I+9NMIdEKavKYk6fE/bVs=,Kw1lXnfR+1u4lCQGOUjDHG/QBn8=
-24,-44,FcmtA3I+9NMIdEKavKYk6fE/bVs=,qSwLecXhC+vF5GyHUDrddzwQTjE=
-25,-43,FcmtA3I+9NMIdEKavKYk6fE/bVs=,dpbLwzUAJLipJLh6q7caK8E5Mvc=
-25,-42,FcmtA3I+9NMIdEKavKYk6fE/bVs=,dpbLwzUAJLipJLh6q7caK8E5Mvc=
-24,-41,nky70VTAmTTqrgsUACX5Q3EN1fM=,qSwLecXhC+vF5GyHUDrddzwQTjE=
-25,-44,nky70VTAmTTqrgsUACX5Q3EN1fM=,dpbLwzUAJLipJLh6q7caK8E5Mvc=
-24,-42,nky70VTAmTTqrgsUACX5Q3EN1fM=,qSwLecXhC+vF5GyHUDrddzwQTjE=
-24,-43,nky70VTAmTTqrgsUACX5Q3EN1fM=,qSwLecXhC+vF5GyHUDrddzwQTjE=
-26,-44,nky70VTAmTTqrgsUACX5Q3EN1fM=,dpbLwzUAJLipJLh6q7caK8E5Mvc=
-27,-44,nky70VTAmTTqrgsUACX5Q3EN1fM=,dpbLwzUAJLipJLh6q7caK8E5Mvc=
-28,-41,nky70VTAmTTqrgsUACX5Q3EN1fM=,dpbLwzUAJLipJLh6q7caK8E5Mvc=
-23,-41,nky70VTAmTTqrgsUACX5Q3EN1fM=,qSwLecXhC+vF5GyHUDrddzwQTjE=
-27,-43,nky70VTAmTTqrgsUACX5Q3EN1fM=,dpbLwzUAJLipJLh6q7caK8E5Mvc=
-27,-41,nky70VTAmTTqrgsUACX5Q3EN1fM=,dpbLwzUAJLipJLh6q7caK8E5Mvc=
-26,-43,nky70VTAmTTqrgsUACX5Q3EN1fM=,dpbLwzUAJLipJLh6q7caK8E5Mvc=
-26,-41,nky70VTAmTTqrgsUACX5Q3EN1fM=,dpbLwzUAJLipJLh6q7caK8E5Mvc=
-22,-41,nky70VTAmTTqrgsUACX5Q3EN1fM=,qSwLecXhC+vF5GyHUDrddzwQTjE=
-27,-42,nky70VTAmTTqrgsUACX5Q3EN1fM=,dpbLwzUAJLipJLh6q7caK8E5Mvc=
-28,-44,nky70VTAmTTqrgsUACX5Q3EN1fM=,dpbLwzUAJLipJLh6q7caK8E5Mvc=
-26,-42,nky70VTAmTTqrgsUACX5Q3EN1fM=,dpbLwzUAJLipJLh6q7caK8E5Mvc=
-25,-41,nky70VTAmTTqrgsUACX5Q3EN1fM=,dpbLwzUAJLipJLh6q7caK8E5Mvc=
-28,-43,nky70VTAmTTqrgsUACX5Q3EN1fM=,dpbLwzUAJLipJLh6q7caK8E5Mvc=
-28,-42,nky70VTAmTTqrgsUACX5Q3EN1fM=,dpbLwzUAJLipJLh6q7caK8E5Mvc=
-23,-37,nky70VTAmTTqrgsUACX5Q3EN1fM=,Kw1lXnfR+1u4lCQGOUjDHG/QBn8=
-21,-41,nky70VTAmTTqrgsUACX5Q3EN1fM=,qSwLecXhC+vF5GyHUDrddzwQTjE=
-22,-38,nky70VTAmTTqrgsUACX5Q3EN1fM=,Kw1lXnfR+1u4lCQGOUjDHG/QBn8=
-28,-38,nky70VTAmTTqrgsUACX5Q3EN1fM=,fW4DKeNO+GgV2lzWIdJaC/QjvI0=
-22,-37,nky70VTAmTTqrgsUACX5Q3EN1fM=,Kw1lXnfR+1u4lCQGOUjDHG/QBn8=
-21,-42,nky70VTAmTTqrgsUACX5Q3EN1fM=,qSwLecXhC+vF5GyHUDrddzwQTjE=
-23,-38,nky70VTAmTTqrgsUACX5Q3EN1fM=,Kw1lXnfR+1u4lCQGOUjDHG/QBn8=
-22,-40,nky70VTAmTTqrgsUACX5Q3EN1fM=,Kw1lXnfR+1u4lCQGOUjDHG/QBn8=
-21,-37,nky70VTAmTTqrgsUACX5Q3EN1fM=,Kw1lXnfR+1u4lCQGOUjDHG/QBn8=
-21,-40,nky70VTAmTTqrgsUACX5Q3EN1fM=,Kw1lXnfR+1u4lCQGOUjDHG/QBn8=
-21,-39,nky70VTAmTTqrgsUACX5Q3EN1fM=,Kw1lXnfR+1u4lCQGOUjDHG/QBn8=
-22,-42,nky70VTAmTTqrgsUACX5Q3EN1fM=,qSwLecXhC+vF5GyHUDrddzwQTjE=
-27,-38,nky70VTAmTTqrgsUACX5Q3EN1fM=,fW4DKeNO+GgV2lzWIdJaC/QjvI0=
-23,-40,nky70VTAmTTqrgsUACX5Q3EN1fM=,Kw1lXnfR+1u4lCQGOUjDHG/QBn8=
-22,-39,nky70VTAmTTqrgsUACX5Q3EN1fM=,Kw1lXnfR+1u4lCQGOUjDHG/QBn8=
-23,-42,nky70VTAmTTqrgsUACX5Q3EN1fM=,qSwLecXhC+vF5GyHUDrddzwQTjE=
-21,-43,nky70VTAmTTqrgsUACX5Q3EN1fM=,qSwLecXhC+vF5GyHUDrddzwQTjE=
-25,-40,nky70VTAmTTqrgsUACX5Q3EN1fM=,fW4DKeNO+GgV2lzWIdJaC/QjvI0=
-26,-39,nky70VTAmTTqrgsUACX5Q3EN1fM=,fW4DKeNO+GgV2lzWIdJaC/QjvI0=
-24,-37,nky70VTAmTTqrgsUACX5Q3EN1fM=,Kw1lXnfR+1u4lCQGOUjDHG/QBn8=
-22,-43,nky70VTAmTTqrgsUACX5Q3EN1fM=,qSwLecXhC+vF5GyHUDrddzwQTjE=
-27,-40,nky70VTAmTTqrgsUACX5Q3EN1fM=,fW4DKeNO+GgV2lzWIdJaC/QjvI0=
-23,-39,nky70VTAmTTqrgsUACX5Q3EN1fM=,Kw1lXnfR+1u4lCQGOUjDHG/QBn8=
-27,-39,nky70VTAmTTqrgsUACX5Q3EN1fM=,fW4DKeNO+GgV2lzWIdJaC/QjvI0=
-28,-39,nky70VTAmTTqrgsUACX5Q3EN1fM=,fW4DKeNO+GgV2lzWIdJaC/QjvI0=
-23,-43,nky70VTAmTTqrgsUACX5Q3EN1fM=,qSwLecXhC+vF5GyHUDrddzwQTjE=
-26,-40,nky70VTAmTTqrgsUACX5Q3EN1fM=,fW4DKeNO+GgV2lzWIdJaC/QjvI0=
-26,-38,nky70VTAmTTqrgsUACX5Q3EN1fM=,fW4DKeNO+GgV2lzWIdJaC/QjvI0=
-28,-37,nky70VTAmTTqrgsUACX5Q3EN1fM=,fW4DKeNO+GgV2lzWIdJaC/QjvI0=
-26,-37,nky70VTAmTTqrgsUACX5Q3EN1fM=,fW4DKeNO+GgV2lzWIdJaC/QjvI0=
-24,-40,nky70VTAmTTqrgsUACX5Q3EN1fM=,Kw1lXnfR+1u4lCQGOUjDHG/QBn8=
-27,-37,nky70VTAmTTqrgsUACX5Q3EN1fM=,fW4DKeNO+GgV2lzWIdJaC/QjvI0=
-28,-40,nky70VTAmTTqrgsUACX5Q3EN1fM=,fW4DKeNO+GgV2lzWIdJaC/QjvI0=
-24,-38,nky70VTAmTTqrgsUACX5Q3EN1fM=,Kw1lXnfR+1u4lCQGOUjDHG/QBn8=
-24,-39,nky70VTAmTTqrgsUACX5Q3EN1fM=,Kw1lXnfR+1u4lCQGOUjDHG/QBn8=
-25,-37,nky70VTAmTTqrgsUACX5Q3EN1fM=,fW4DKeNO+GgV2lzWIdJaC/QjvI0=
-25,-39,nky70VTAmTTqrgsUACX5Q3EN1fM=,fW4DKeNO+GgV2lzWIdJaC/QjvI0=
-25,-38,nky70VTAmTTqrgsUACX5Q3EN1fM=,fW4DKeNO+GgV2lzWIdJaC/QjvI0=
-17,-42,nky70VTAmTTqrgsUACX5Q3EN1fM=,qSwLecXhC+vF5GyHUDrddzwQTjE=
-17,-41,nky70VTAmTTqrgsUACX5Q3EN1fM=,qSwLecXhC+vF5GyHUDrddzwQTjE=
-19,-44,nky70VTAmTTqrgsUACX5Q3EN1fM=,qSwLecXhC+vF5GyHUDrddzwQTjE=
-19,-37,nky70VTAmTTqrgsUACX5Q3EN1fM=,Kw1lXnfR+1u4lCQGOUjDHG/QBn8=
-19,-40,nky70VTAmTTqrgsUACX5Q3EN1fM=,Kw1lXnfR+1u4lCQGOUjDHG/QBn8=
-17,-43,nky70VTAmTTqrgsUACX5Q3EN1fM=,qSwLecXhC+vF5GyHUDrddzwQTjE=
-17,-39,nky70VTAmTTqrgsUACX5Q3EN1fM=,Kw1lXnfR+1u4lCQGOUjDHG/QBn8=
-20,-40,nky70VTAmTTqrgsUACX5Q3EN1fM=,Kw1lXnfR+1u4lCQGOUjDHG/QBn8=
-18,-40,nky70VTAmTTqrgsUACX5Q3EN1fM=,Kw1lXnfR+1u4lCQGOUjDHG/QBn8=
-20,-43,nky70VTAmTTqrgsUACX5Q3EN1fM=,qSwLecXhC+vF5GyHUDrddzwQTjE=
-19,-38,nky70VTAmTTqrgsUACX5Q3EN1fM=,Kw1lXnfR+1u4lCQGOUjDHG/QBn8=
-19,-43,nky70VTAmTTqrgsUACX5Q3EN1fM=,qSwLecXhC+vF5GyHUDrddzwQTjE=
-17,-37,nky70VTAmTTqrgsUACX5Q3EN1fM=,Kw1lXnfR+1u4lCQGOUjDHG/QBn8=
-18,-37,nky70VTAmTTqrgsUACX5Q3EN1fM=,Kw1lXnfR+1u4lCQGOUjDHG/QBn8=
-20,-39,nky70VTAmTTqrgsUACX5Q3EN1fM=,Kw1lXnfR+1u4lCQGOUjDHG/QBn8=
-20,-37,nky70VTAmTTqrgsUACX5Q3EN1fM=,Kw1lXnfR+1u4lCQGOUjDHG/QBn8=
-17,-40,nky70VTAmTTqrgsUACX5Q3EN1fM=,Kw1lXnfR+1u4lCQGOUjDHG/QBn8=
-18,-38,nky70VTAmTTqrgsUACX5Q3EN1fM=,Kw1lXnfR+1u4lCQGOUjDHG/QBn8=
-18,-42,nky70VTAmTTqrgsUACX5Q3EN1fM=,qSwLecXhC+vF5GyHUDrddzwQTjE=
-19,-42,nky70VTAmTTqrgsUACX5Q3EN1fM=,qSwLecXhC+vF5GyHUDrddzwQTjE=
-18,-43,nky70VTAmTTqrgsUACX5Q3EN1fM=,qSwLecXhC+vF5GyHUDrddzwQTjE=
-20,-41,nky70VTAmTTqrgsUACX5Q3EN1fM=,qSwLecXhC+vF5GyHUDrddzwQTjE=
-19,-39,nky70VTAmTTqrgsUACX5Q3EN1fM=,Kw1lXnfR+1u4lCQGOUjDHG/QBn8=
-18,-44,nky70VTAmTTqrgsUACX5Q3EN1fM=,qSwLecXhC+vF5GyHUDrddzwQTjE=
-20,-42,nky70VTAmTTqrgsUACX5Q3EN1fM=,qSwLecXhC+vF5GyHUDrddzwQTjE=
-17,-44,nky70VTAmTTqrgsUACX5Q3EN1fM=,qSwLecXhC+vF5GyHUDrddzwQTjE=
-17,-38,nky70VTAmTTqrgsUACX5Q3EN1fM=,Kw1lXnfR+1u4lCQGOUjDHG/QBn8=
-18,-39,nky70VTAmTTqrgsUACX5Q3EN1fM=,Kw1lXnfR+1u4lCQGOUjDHG/QBn8=
-19,-41,nky70VTAmTTqrgsUACX5Q3EN1fM=,qSwLecXhC+vF5GyHUDrddzwQTjE=
-18,-41,nky70VTAmTTqrgsUACX5Q3EN1fM=,qSwLecXhC+vF5GyHUDrddzwQTjE=
-26,-48,nky70VTAmTTqrgsUACX5Q3EN1fM=,dpbLwzUAJLipJLh6q7caK8E5Mvc=
-32,-44,5KO/xlOEjmWxvn3dHvINfYYEJMY=,dpbLwzUAJLipJLh6q7caK8E5Mvc=
-24,-48,5KO/xlOEjmWxvn3dHvINfYYEJMY=,qSwLecXhC+vF5GyHUDrddzwQTjE=
-23,-48,5KO/xlOEjmWxvn3dHvINfYYEJMY=,qSwLecXhC+vF5GyHUDrddzwQTjE=
-22,-48,5KO/xlOEjmWxvn3dHvINfYYEJMY=,qSwLecXhC+vF5GyHUDrddzwQTjE=
-32,-40,5KO/xlOEjmWxvn3dHvINfYYEJMY=,fW4DKeNO+GgV2lzWIdJaC/QjvI0=
-32,-41,5KO/xlOEjmWxvn3dHvINfYYEJMY=,dpbLwzUAJLipJLh6q7caK8E5Mvc=
-31,-44,5KO/xlOEjmWxvn3dHvINfYYEJMY=,dpbLwzUAJLipJLh6q7caK8E5Mvc=
-20,-48,5KO/xlOEjmWxvn3dHvINfYYEJMY=,qSwLecXhC+vF5GyHUDrddzwQTjE=
-32,-43,5KO/xlOEjmWxvn3dHvINfYYEJMY=,dpbLwzUAJLipJLh6q7caK8E5Mvc=
-27,-48,5KO/xlOEjmWxvn3dHvINfYYEJMY=,dpbLwzUAJLipJLh6q7caK8E5Mvc=
-32,-42,5KO/xlOEjmWxvn3dHvINfYYEJMY=,dpbLwzUAJLipJLh6q7caK8E5Mvc=
-30,-44,5KO/xlOEjmWxvn3dHvINfYYEJMY=,dpbLwzUAJLipJLh6q7caK8E5Mvc=
-32,-37,5KO/xlOEjmWxvn3dHvINfYYEJMY=,fW4DKeNO+GgV2lzWIdJaC/QjvI0=
-28,-48,5KO/xlOEjmWxvn3dHvINfYYEJMY=,dpbLwzUAJLipJLh6q7caK8E5Mvc=
-25,-47,5KO/xlOEjmWxvn3dHvINfYYEJMY=,dpbLwzUAJLipJLh6q7caK8E5Mvc=
-30,-43,5KO/xlOEjmWxvn3dHvINfYYEJMY=,dpbLwzUAJLipJLh6q7caK8E5Mvc=
-29,-44,5KO/xlOEjmWxvn3dHvINfYYEJMY=,dpbLwzUAJLipJLh6q7caK8E5Mvc=
-31,-42,5KO/xlOEjmWxvn3dHvINfYYEJMY=,dpbLwzUAJLipJLh6q7caK8E5Mvc=
-31,-43,5KO/xlOEjmWxvn3dHvINfYYEJMY=,dpbLwzUAJLipJLh6q7caK8E5Mvc=
-26,-47,5KO/xlOEjmWxvn3dHvINfYYEJMY=,dpbLwzUAJLipJLh6q7caK8E5Mvc=
-30,-42,5KO/xlOEjmWxvn3dHvINfYYEJMY=,dpbLwzUAJLipJLh6q7caK8E5Mvc=
-29,-43,5KO/xlOEjmWxvn3dHvINfYYEJMY=,dpbLwzUAJLipJLh6q7caK8E5Mvc=
-27,-47,5KO/xlOEjmWxvn3dHvINfYYEJMY=,dpbLwzUAJLipJLh6q7caK8E5Mvc=
-31,-39,5KO/xlOEjmWxvn3dHvINfYYEJMY=,fW4DKeNO+GgV2lzWIdJaC/QjvI0=
-29,-42,5KO/xlOEjmWxvn3dHvINfYYEJMY=,dpbLwzUAJLipJLh6q7caK8E5Mvc=
-32,-38,5KO/xlOEjmWxvn3dHvINfYYEJMY=,fW4DKeNO+GgV2lzWIdJaC/QjvI0=
-30,-39,5KO/xlOEjmWxvn3dHvINfYYEJMY=,fW4DKeNO+GgV2lzWIdJaC/QjvI0=
-31,-40,5KO/xlOEjmWxvn3dHvINfYYEJMY=,fW4DKeNO+GgV2lzWIdJaC/QjvI0=
-29,-39,5KO/xlOEjmWxvn3dHvINfYYEJMY=,fW4DKeNO+GgV2lzWIdJaC/QjvI0=
-30,-40,5KO/xlOEjmWxvn3dHvINfYYEJMY=,fW4DKeNO+GgV2lzWIdJaC/QjvI0=
-29,-41,5KO/xlOEjmWxvn3dHvINfYYEJMY=,dpbLwzUAJLipJLh6q7caK8E5Mvc=
-30,-41,5KO/xlOEjmWxvn3dHvINfYYEJMY=,dpbLwzUAJLipJLh6q7caK8E5Mvc=
-31,-41,5KO/xlOEjmWxvn3dHvINfYYEJMY=,dpbLwzUAJLipJLh6q7caK8E5Mvc=
-28,-47,5KO/xlOEjmWxvn3dHvINfYYEJMY=,dpbLwzUAJLipJLh6q7caK8E5Mvc=
-29,-40,5KO/xlOEjmWxvn3dHvINfYYEJMY=,fW4DKeNO+GgV2lzWIdJaC/QjvI0=
-25,-45,5KO/xlOEjmWxvn3dHvINfYYEJMY=,dpbLwzUAJLipJLh6q7caK8E5Mvc=
-26,-45,5KO/xlOEjmWxvn3dHvINfYYEJMY=,dpbLwzUAJLipJLh6q7caK8E5Mvc=
-30,-38,5KO/xlOEjmWxvn3dHvINfYYEJMY=,fW4DKeNO+GgV2lzWIdJaC/QjvI0=
-30,-37,5KO/xlOEjmWxvn3dHvINfYYEJMY=,fW4DKeNO+GgV2lzWIdJaC/QjvI0=
-32,-39,5KO/xlOEjmWxvn3dHvINfYYEJMY=,fW4DKeNO+GgV2lzWIdJaC/QjvI0=
-25,-48,5KO/xlOEjmWxvn3dHvINfYYEJMY=,dpbLwzUAJLipJLh6q7caK8E5Mvc=
-21,-48,5KO/xlOEjmWxvn3dHvINfYYEJMY=,qSwLecXhC+vF5GyHUDrddzwQTjE=
-31,-38,5KO/xlOEjmWxvn3dHvINfYYEJMY=,fW4DKeNO+GgV2lzWIdJaC/QjvI0=
-29,-37,5KO/xlOEjmWxvn3dHvINfYYEJMY=,fW4DKeNO+GgV2lzWIdJaC/QjvI0=
-31,-37,5KO/xlOEjmWxvn3dHvINfYYEJMY=,fW4DKeNO+GgV2lzWIdJaC/QjvI0=
-24,-47,5KO/xlOEjmWxvn3dHvINfYYEJMY=,qSwLecXhC+vF5GyHUDrddzwQTjE=
-24,-45,5KO/xlOEjmWxvn3dHvINfYYEJMY=,qSwLecXhC+vF5GyHUDrddzwQTjE=
-27,-45,5KO/xlOEjmWxvn3dHvINfYYEJMY=,dpbLwzUAJLipJLh6q7caK8E5Mvc=
-23,-46,5KO/xlOEjmWxvn3dHvINfYYEJMY=,qSwLecXhC+vF5GyHUDrddzwQTjE=
-29,-38,5KO/xlOEjmWxvn3dHvINfYYEJMY=,fW4DKeNO+GgV2lzWIdJaC/QjvI0=
-28,-46,5KO/xlOEjmWxvn3dHvINfYYEJMY=,dpbLwzUAJLipJLh6q7caK8E5Mvc=
-26,-46,5KO/xlOEjmWxvn3dHvINfYYEJMY=,dpbLwzUAJLipJLh6q7caK8E5Mvc=
-22,-46,5KO/xlOEjmWxvn3dHvINfYYEJMY=,qSwLecXhC+vF5GyHUDrddzwQTjE=
-24,-46,5KO/xlOEjmWxvn3dHvINfYYEJMY=,qSwLecXhC+vF5GyHUDrddzwQTjE=
-22,-45,5KO/xlOEjmWxvn3dHvINfYYEJMY=,qSwLecXhC+vF5GyHUDrddzwQTjE=
-25,-46,5KO/xlOEjmWxvn3dHvINfYYEJMY=,dpbLwzUAJLipJLh6q7caK8E5Mvc=
-28,-45,5KO/xlOEjmWxvn3dHvINfYYEJMY=,dpbLwzUAJLipJLh6q7caK8E5Mvc=
-21,-45,5KO/xlOEjmWxvn3dHvINfYYEJMY=,qSwLecXhC+vF5GyHUDrddzwQTjE=
-27,-46,5KO/xlOEjmWxvn3dHvINfYYEJMY=,dpbLwzUAJLipJLh6q7caK8E5Mvc=
-23,-47,5KO/xlOEjmWxvn3dHvINfYYEJMY=,qSwLecXhC+vF5GyHUDrddzwQTjE=
-23,-45,5KO/xlOEjmWxvn3dHvINfYYEJMY=,qSwLecXhC+vF5GyHUDrddzwQTjE=
-21,-46,5KO/xlOEjmWxvn3dHvINfYYEJMY=,qSwLecXhC+vF5GyHUDrddzwQTjE=
-21,-47,5KO/xlOEjmWxvn3dHvINfYYEJMY=,qSwLecXhC+vF5GyHUDrddzwQTjE=
-22,-47,5KO/xlOEjmWxvn3dHvINfYYEJMY=,qSwLecXhC+vF5GyHUDrddzwQTjE=
-19,-48,5KO/xlOEjmWxvn3dHvINfYYEJMY=,qSwLecXhC+vF5GyHUDrddzwQTjE=
-18,-48,5KO/xlOEjmWxvn3dHvINfYYEJMY=,qSwLecXhC+vF5GyHUDrddzwQTjE=
-32,-48,5KO/xlOEjmWxvn3dHvINfYYEJMY=,dpbLwzUAJLipJLh6q7caK8E5Mvc=
-30,-45,5KO/xlOEjmWxvn3dHvINfYYEJMY=,dpbLwzUAJLipJLh6q7caK8E5Mvc=
-31,-46,5KO/xlOEjmWxvn3dHvINfYYEJMY=,dpbLwzUAJLipJLh6q7caK8E5Mvc=
-17,-47,5KO/xlOEjmWxvn3dHvINfYYEJMY=,qSwLecXhC+vF5GyHUDrddzwQTjE=
-31,-47,5KO/xlOEjmWxvn3dHvINfYYEJMY=,dpbLwzUAJLipJLh6q7caK8E5Mvc=
-29,-46,5KO/xlOEjmWxvn3dHvINfYYEJMY=,dpbLwzUAJLipJLh6q7caK8E5Mvc=
-30,-47,5KO/xlOEjmWxvn3dHvINfYYEJMY=,dpbLwzUAJLipJLh6q7caK8E5Mvc=
-31,-45,5KO/xlOEjmWxvn3dHvINfYYEJMY=,dpbLwzUAJLipJLh6q7caK8E5Mvc=
-30,-46,5KO/xlOEjmWxvn3dHvINfYYEJMY=,dpbLwzUAJLipJLh6q7caK8E5Mvc=
-17,-48,5KO/xlOEjmWxvn3dHvINfYYEJMY=,qSwLecXhC+vF5GyHUDrddzwQTjE=
-32,-47,5KO/xlOEjmWxvn3dHvINfYYEJMY=,dpbLwzUAJLipJLh6q7caK8E5Mvc=
-32,-46,5KO/xlOEjmWxvn3dHvINfYYEJMY=,dpbLwzUAJLipJLh6q7caK8E5Mvc=
-29,-48,5KO/xlOEjmWxvn3dHvINfYYEJMY=,dpbLwzUAJLipJLh6q7caK8E5Mvc=
-29,-45,5KO/xlOEjmWxvn3dHvINfYYEJMY=,dpbLwzUAJLipJLh6q7caK8E5Mvc=
-17,-45,5KO/xlOEjmWxvn3dHvINfYYEJMY=,qSwLecXhC+vF5GyHUDrddzwQTjE=
-20,-45,5KO/xlOEjmWxvn3dHvINfYYEJMY=,qSwLecXhC+vF5GyHUDrddzwQTjE=
-31,-48,5KO/xlOEjmWxvn3dHvINfYYEJMY=,dpbLwzUAJLipJLh6q7caK8E5Mvc=
-29,-47,5KO/xlOEjmWxvn3dHvINfYYEJMY=,dpbLwzUAJLipJLh6q7caK8E5Mvc=
-30,-48,5KO/xlOEjmWxvn3dHvINfYYEJMY=,dpbLwzUAJLipJLh6q7caK8E5Mvc=
-19,-46,5KO/xlOEjmWxvn3dHvINfYYEJMY=,qSwLecXhC+vF5GyHUDrddzwQTjE=
-17,-46,5KO/xlOEjmWxvn3dHvINfYYEJMY=,qSwLecXhC+vF5GyHUDrddzwQTjE=
-32,-45,5KO/xlOEjmWxvn3dHvINfYYEJMY=,dpbLwzUAJLipJLh6q7caK8E5Mvc=
-20,-46,5KO/xlOEjmWxvn3dHvINfYYEJMY=,qSwLecXhC+vF5GyHUDrddzwQTjE=
-19,-45,5KO/xlOEjmWxvn3dHvINfYYEJMY=,qSwLecXhC+vF5GyHUDrddzwQTjE=
-18,-47,5KO/xlOEjmWxvn3dHvINfYYEJMY=,qSwLecXhC+vF5GyHUDrddzwQTjE=
-20,-47,5KO/xlOEjmWxvn3dHvINfYYEJMY=,qSwLecXhC+vF5GyHUDrddzwQTjE=
-18,-45,5KO/xlOEjmWxvn3dHvINfYYEJMY=,qSwLecXhC+vF5GyHUDrddzwQTjE=
-19,-47,5KO/xlOEjmWxvn3dHvINfYYEJMY=,qSwLecXhC+vF5GyHUDrddzwQTjE=
-18,-46,5KO/xlOEjmWxvn3dHvINfYYEJMY=,qSwLecXhC+vF5GyHUDrddzwQTjE=
-23,-33,5KO/xlOEjmWxvn3dHvINfYYEJMY=,Kw1lXnfR+1u4lCQGOUjDHG/QBn8=
-22,-33,5KO/xlOEjmWxvn3dHvINfYYEJMY=,Kw1lXnfR+1u4lCQGOUjDHG/QBn8=
-25,-33,5KO/xlOEjmWxvn3dHvINfYYEJMY=,fW4DKeNO+GgV2lzWIdJaC/QjvI0=
-28,-33,5KO/xlOEjmWxvn3dHvINfYYEJMY=,fW4DKeNO+GgV2lzWIdJaC/QjvI0=
-21,-33,5KO/xlOEjmWxvn3dHvINfYYEJMY=,Kw1lXnfR+1u4lCQGOUjDHG/QBn8=
-26,-33,5KO/xlOEjmWxvn3dHvINfYYEJMY=,fW4DKeNO+GgV2lzWIdJaC/QjvI0=
-28,-36,5KO/xlOEjmWxvn3dHvINfYYEJMY=,fW4DKeNO+GgV2lzWIdJaC/QjvI0=
-25,-34,5KO/xlOEjmWxvn3dHvINfYYEJMY=,fW4DKeNO+GgV2lzWIdJaC/QjvI0=
-20,-33,5KO/xlOEjmWxvn3dHvINfYYEJMY=,Kw1lXnfR+1u4lCQGOUjDHG/QBn8=
-27,-33,5KO/xlOEjmWxvn3dHvINfYYEJMY=,fW4DKeNO+GgV2lzWIdJaC/QjvI0=
-26,-34,5KO/xlOEjmWxvn3dHvINfYYEJMY=,fW4DKeNO+GgV2lzWIdJaC/QjvI0=
-27,-36,5KO/xlOEjmWxvn3dHvINfYYEJMY=,fW4DKeNO+GgV2lzWIdJaC/QjvI0=
-19,-33,5KO/xlOEjmWxvn3dHvINfYYEJMY=,Kw1lXnfR+1u4lCQGOUjDHG/QBn8=
-18,-33,5KO/xlOEjmWxvn3dHvINfYYEJMY=,Kw1lXnfR+1u4lCQGOUjDHG/QBn8=
-25,-35,5KO/xlOEjmWxvn3dHvINfYYEJMY=,fW4DKeNO+GgV2lzWIdJaC/QjvI0=
-28,-34,5KO/xlOEjmWxvn3dHvINfYYEJMY=,fW4DKeNO+GgV2lzWIdJaC/QjvI0=
-17,-33,5KO/xlOEjmWxvn3dHvINfYYEJMY=,Kw1lXnfR+1u4lCQGOUjDHG/QBn8=
-27,-35,5KO/xlOEjmWxvn3dHvINfYYEJMY=,fW4DKeNO+GgV2lzWIdJaC/QjvI0=
-27,-34,5KO/xlOEjmWxvn3dHvINfYYEJMY=,fW4DKeNO+GgV2lzWIdJaC/QjvI0=
-24,-33,5KO/xlOEjmWxvn3dHvINfYYEJMY=,Kw1lXnfR+1u4lCQGOUjDHG/QBn8=
-17,-35,5KO/xlOEjmWxvn3dHvINfYYEJMY=,Kw1lXnfR+1u4lCQGOUjDHG/QBn8=
-17,-36,5KO/xlOEjmWxvn3dHvINfYYEJMY=,Kw1lXnfR+1u4lCQGOUjDHG/QBn8=
-26,-35,5KO/xlOEjmWxvn3dHvINfYYEJMY=,fW4DKeNO+GgV2lzWIdJaC/QjvI0=
-19,-34,5KO/xlOEjmWxvn3dHvINfYYEJMY=,Kw1lXnfR+1u4lCQGOUjDHG/QBn8=
-28,-35,5KO/xlOEjmWxvn3dHvINfYYEJMY=,fW4DKeNO+GgV2lzWIdJaC/QjvI0=
-22,-36,5KO/xlOEjmWxvn3dHvINfYYEJMY=,Kw1lXnfR+1u4lCQGOUjDHG/QBn8=
-21,-36,5KO/xlOEjmWxvn3dHvINfYYEJMY=,Kw1lXnfR+1u4lCQGOUjDHG/QBn8=
-26,-36,5KO/xlOEjmWxvn3dHvINfYYEJMY=,fW4DKeNO+GgV2lzWIdJaC/QjvI0=
-25,-36,5KO/xlOEjmWxvn3dHvINfYYEJMY=,fW4DKeNO+GgV2lzWIdJaC/QjvI0=
-23,-36,5KO/xlOEjmWxvn3dHvINfYYEJMY=,Kw1lXnfR+1u4lCQGOUjDHG/QBn8=
-19,-35,5KO/xlOEjmWxvn3dHvINfYYEJMY=,Kw1lXnfR+1u4lCQGOUjDHG/QBn8=
-17,-34,5KO/xlOEjmWxvn3dHvINfYYEJMY=,Kw1lXnfR+1u4lCQGOUjDHG/QBn8=
-32,-34,5KO/xlOEjmWxvn3dHvINfYYEJMY=,fW4DKeNO+GgV2lzWIdJaC/QjvI0=
-32,-33,5KO/xlOEjmWxvn3dHvINfYYEJMY=,fW4DKeNO+GgV2lzWIdJaC/QjvI0=
-30,-33,5KO/xlOEjmWxvn3dHvINfYYEJMY=,fW4DKeNO+GgV2lzWIdJaC/QjvI0=
-24,-34,5KO/xlOEjmWxvn3dHvINfYYEJMY=,Kw1lXnfR+1u4lCQGOUjDHG/QBn8=
-31,-33,5KO/xlOEjmWxvn3dHvINfYYEJMY=,fW4DKeNO+GgV2lzWIdJaC/QjvI0=
-24,-36,obC0D+cwK0T6UIfXjwYEnCz9MIM=,Kw1lXnfR+1u4lCQGOUjDHG/QBn8=
-20,-34,obC0D+cwK0T6UIfXjwYEnCz9MIM=,Kw1lXnfR+1u4lCQGOUjDHG/QBn8=
-29,-33,obC0D+cwK0T6UIfXjwYEnCz9MIM=,fW4DKeNO+GgV2lzWIdJaC/QjvI0=
-29,-34,obC0D+cwK0T6UIfXjwYEnCz9MIM=,fW4DKeNO+GgV2lzWIdJaC/QjvI0=
-31,-34,obC0D+cwK0T6UIfXjwYEnCz9MIM=,fW4DKeNO+GgV2lzWIdJaC/QjvI0=
-30,-34,obC0D+cwK0T6UIfXjwYEnCz9MIM=,fW4DKeNO+GgV2lzWIdJaC/QjvI0=
-20,-35,obC0D+cwK0T6UIfXjwYEnCz9MIM=,Kw1lXnfR+1u4lCQGOUjDHG/QBn8=
-21,-34,obC0D+cwK0T6UIfXjwYEnCz9MIM=,Kw1lXnfR+1u4lCQGOUjDHG/QBn8=
-29,-35,obC0D+cwK0T6UIfXjwYEnCz9MIM=,fW4DKeNO+GgV2lzWIdJaC/QjvI0=
-24,-35,obC0D+cwK0T6UIfXjwYEnCz9MIM=,Kw1lXnfR+1u4lCQGOUjDHG/QBn8=
-21,-35,obC0D+cwK0T6UIfXjwYEnCz9MIM=,Kw1lXnfR+1u4lCQGOUjDHG/QBn8=
-32,-35,obC0D+cwK0T6UIfXjwYEnCz9MIM=,fW4DKeNO+GgV2lzWIdJaC/QjvI0=
-31,-35,obC0D+cwK0T6UIfXjwYEnCz9MIM=,fW4DKeNO+GgV2lzWIdJaC/QjvI0=
-31,-36,obC0D+cwK0T6UIfXjwYEnCz9MIM=,fW4DKeNO+GgV2lzWIdJaC/QjvI0=
-23,-35,obC0D+cwK0T6UIfXjwYEnCz9MIM=,Kw1lXnfR+1u4lCQGOUjDHG/QBn8=
-22,-34,obC0D+cwK0T6UIfXjwYEnCz9MIM=,Kw1lXnfR+1u4lCQGOUjDHG/QBn8=
-30,-35,obC0D+cwK0T6UIfXjwYEnCz9MIM=,fW4DKeNO+GgV2lzWIdJaC/QjvI0=
-30,-36,obC0D+cwK0T6UIfXjwYEnCz9MIM=,fW4DKeNO+GgV2lzWIdJaC/QjvI0=
-29,-36,obC0D+cwK0T6UIfXjwYEnCz9MIM=,fW4DKeNO+GgV2lzWIdJaC/QjvI0=
-19,-36,obC0D+cwK0T6UIfXjwYEnCz9MIM=,Kw1lXnfR+1u4lCQGOUjDHG/QBn8=
-23,-34,obC0D+cwK0T6UIfXjwYEnCz9MIM=,Kw1lXnfR+1u4lCQGOUjDHG/QBn8=
-20,-36,obC0D+cwK0T6UIfXjwYEnCz9MIM=,Kw1lXnfR+1u4lCQGOUjDHG/QBn8=
-22,-35,obC0D+cwK0T6UIfXjwYEnCz9MIM=,Kw1lXnfR+1u4lCQGOUjDHG/QBn8=
-18,-36,obC0D+cwK0T6UIfXjwYEnCz9MIM=,Kw1lXnfR+1u4lCQGOUjDHG/QBn8=
-18,-35,obC0D+cwK0T6UIfXjwYEnCz9MIM=,Kw1lXnfR+1u4lCQGOUjDHG/QBn8=
-32,-36,obC0D+cwK0T6UIfXjwYEnCz9MIM=,fW4DKeNO+GgV2lzWIdJaC/QjvI0=
-18,-34,obC0D+cwK0T6UIfXjwYEnCz9MIM=,Kw1lXnfR+1u4lCQGOUjDHG/QBn8=
